{
    "__inputs": [],
    "__elements": {},
    "__requires": [
      {
        "type": "datasource",
        "id": "cloudwatch",
        "name": "CloudWatch",
        "version": "1.0.0"
      },
      {
        "type": "grafana",
        "id": "grafana",
        "name": "Grafana",
        "version": "11.3.1"
      },
      {
        "type": "panel",
        "id": "text",
        "name": "Text",
        "version": ""
      },
      {
        "type": "panel",
        "id": "timeseries",
        "name": "Time series",
        "version": ""
      }
    ],
    "annotations": {
      "list": [
        {
          "builtIn": 1,
          "datasource": {
            "type": "datasource",
            "uid": "grafana"
          },
          "enable": true,
          "hide": true,
          "iconColor": "rgba(0, 211, 255, 1)",
          "name": "Annotations & Alerts",
          "type": "dashboard"
        }
      ]
    },
    "description": "Visualize estimated AWS charges per AWS resource (EC2, S3, ...)",
    "editable": false,
    "fiscalYearStartMonth": 0,
    "graphTooltip": 0,
    "id": null,
    "links": [],
    "panels": [
      {
        "datasource": {
          "type": "cloudwatch",
          "uid": "$datasource"
        },
        "fieldConfig": {
          "defaults": {
            "color": {
              "mode": "palette-classic"
            },
            "custom": {
              "axisBorderShow": false,
              "axisCenteredZero": false,
              "axisColorMode": "text",
              "axisLabel": "",
              "axisPlacement": "auto",
              "barAlignment": 0,
              "barWidthFactor": 0.6,
              "drawStyle": "line",
              "fillOpacity": 15,
              "gradientMode": "none",
              "hideFrom": {
                "legend": false,
                "tooltip": false,
                "viz": false
              },
              "insertNulls": false,
              "lineInterpolation": "linear",
              "lineWidth": 1,
              "pointSize": 5,
              "scaleDistribution": {
                "type": "linear"
              },
              "showPoints": "never",
              "spanNulls": false,
              "stacking": {
                "group": "A",
                "mode": "none"
              },
              "thresholdsStyle": {
                "mode": "off"
              }
            },
            "mappings": [],
            "thresholds": {
              "mode": "absolute",
              "steps": [
                {
                  "color": "green",
                  "value": null
                },
                {
                  "color": "red",
                  "value": 80
                }
              ]
            },
            "unit": "currencyUSD"
          },
          "overrides": []
        },
        "gridPos": {
          "h": 15,
          "w": 24,
          "x": 0,
          "y": 0
        },
        "id": 4,
        "options": {
          "legend": {
            "calcs": [
              "min",
              "max",
              "mean",
              "last"
            ],
            "displayMode": "table",
            "placement": "bottom",
            "showLegend": true,
            "sortBy": "Last",
            "sortDesc": true
          },
          "tooltip": {
            "maxHeight": 520,
            "mode": "multi",
            "sort": "none"
          }
        },
        "pluginVersion": "11.3.1",
        "targets": [
          {
            "datasource": {
              "type": "cloudwatch",
              "uid": "$datasource"
            },
            "dimensions": {
              "Currency": "USD"
            },
            "expression": "",
            "id": "",
            "label": "Total",
            "logGroups": [],
            "matchExact": true,
            "metricEditorMode": 0,
            "metricName": "EstimatedCharges",
            "metricQueryType": 0,
            "namespace": "AWS/Billing",
            "period": "",
            "queryMode": "Metrics",
            "refId": "A",
            "region": "us-east-1",
            "sqlExpression": "",
            "statistic": "Average"
          },
          {
            "datasource": {
              "type": "cloudwatch",
              "uid": "$datasource"
            },
            "dimensions": {
              "Currency": "USD",
              "ServiceName": "*"
            },
            "expression": "",
            "hide": false,
            "id": "",
            "label": "${PROP('Dim.ServiceName')}",
            "logGroups": [],
            "matchExact": true,
            "metricEditorMode": 0,
            "metricName": "EstimatedCharges",
            "metricQueryType": 0,
            "namespace": "AWS/Billing",
            "period": "",
            "queryMode": "Metrics",
            "refId": "B",
            "region": "us-east-1",
            "sqlExpression": "",
            "statistic": "Average"
          }
        ],
        "title": "Estimated charges",
        "type": "timeseries"
      },
      {
        "datasource": {
          "type": "cloudwatch",
          "uid": "$datasource"
        },
        "fieldConfig": {
          "defaults": {
            "color": {
              "mode": "palette-classic"
            },
            "custom": {
              "axisBorderShow": false,
              "axisCenteredZero": false,
              "axisColorMode": "text",
              "axisLabel": "",
              "axisPlacement": "auto",
              "barAlignment": 0,
              "barWidthFactor": 0.6,
              "drawStyle": "line",
              "fillOpacity": 15,
              "gradientMode": "none",
              "hideFrom": {
                "legend": false,
                "tooltip": false,
                "viz": false
              },
              "insertNulls": false,
              "lineInterpolation": "linear",
              "lineWidth": 1,
              "pointSize": 5,
              "scaleDistribution": {
                "type": "linear"
              },
              "showPoints": "never",
              "spanNulls": false,
              "stacking": {
                "group": "A",
                "mode": "none"
              },
              "thresholdsStyle": {
                "mode": "off"
              }
            },
            "mappings": [],
            "thresholds": {
              "mode": "absolute",
              "steps": [
                {
                  "color": "green",
                  "value": null
                },
                {
                  "color": "red",
                  "value": 80
                }
              ]
            },
            "unit": "currencyUSD"
          },
          "overrides": []
        },
        "gridPos": {
          "h": 10,
          "w": 24,
          "x": 0,
          "y": 15
        },
        "id": 5,
        "options": {
          "legend": {
            "calcs": [
              "min",
              "max",
              "mean",
              "last"
            ],
            "displayMode": "table",
            "placement": "bottom",
            "showLegend": true,
            "sortBy": "Last",
            "sortDesc": true
          },
          "tooltip": {
            "maxHeight": 520,
            "mode": "multi",
            "sort": "none"
          }
        },
        "pluginVersion": "11.3.1",
        "targets": [
          {
            "datasource": {
              "type": "cloudwatch",
              "uid": "$datasource"
            },
            "dimensions": {
              "Currency": "USD"
            },
            "expression": "",
            "hide": true,
            "id": "m1",
            "label": "",
            "logGroups": [],
            "matchExact": true,
            "metricEditorMode": 0,
            "metricName": "EstimatedCharges",
            "metricQueryType": 0,
            "namespace": "AWS/Billing",
            "period": "86400",
            "queryMode": "Metrics",
            "refId": "A",
            "region": "us-east-1",
            "sqlExpression": "",
            "statistic": "Average"
          },
          {
            "datasource": {
              "type": "cloudwatch",
              "uid": "$datasource"
            },
            "dimensions": {
              "Currency": "USD",
              "ServiceName": "*"
            },
            "expression": "RATE(m1) * PERIOD(m1)",
            "hide": true,
            "id": "m2",
            "label": "",
            "logGroups": [],
            "matchExact": true,
            "metricEditorMode": 1,
            "metricName": "EstimatedCharges",
            "metricQueryType": 0,
            "namespace": "AWS/Billing",
            "period": "86400",
            "queryMode": "Metrics",
            "refId": "B",
            "region": "us-east-1",
            "sqlExpression": "",
            "statistic": "Average"
          },
          {
            "datasource": {
              "type": "cloudwatch",
              "uid": "$datasource"
            },
            "dimensions": {
              "Currency": "USD",
              "ServiceName": "*"
            },
            "expression": "IF(m2>0, m2)",
            "hide": false,
            "id": "",
            "label": "Total estimated daily charge",
            "logGroups": [],
            "matchExact": true,
            "metricEditorMode": 1,
            "metricName": "EstimatedCharges",
            "metricQueryType": 0,
            "namespace": "AWS/Billing",
            "period": "86400",
            "queryMode": "Metrics",
            "refId": "C",
            "region": "us-east-1",
            "sqlExpression": "",
            "statistic": "Average"
          }
        ],
        "title": "Estimated daily charges",
        "type": "timeseries"
      },
      {
        "gridPos": {
          "h": 3,
          "w": 24,
          "x": 0,
          "y": 25
        },
        "id": 6,
        "options": {
          "code": {
            "language": "plaintext",
            "showLineNumbers": false,
            "showMiniMap": false
          },
          "content": "<a target=\"_blank\" href=\"http://www.monitoringartist.com\" title=\"Dashboard maintained by Monitoring Artist - DevOps / Docker / Kubernetes / AWS ECS / Google GCP / Zabbix / Zenoss / Terraform / Monitoring\"><img src=\"https://monitoringartist.github.io/monitoring-artist-logo-grafana.png\" height=\"30px\" /></a> | \n<a target=\"_blank\" href=\"https://docs.aws.amazon.com/AmazonCloudWatch/latest/DeveloperGuide/billing-metricscollected.html\">AWS CloudWatch billing documentation</a> | \n<a target=\"_blank\" href=\"https://grafana.com/dashboards/139\">Installed from Grafana.com dashboards</a>",
          "mode": "html"
        },
        "pluginVersion": "11.3.1",
        "title": "Documentation",
        "type": "text"
      }
    ],
    "refresh": "",
    "schemaVersion": 40,
    "tags": [
      "monitoringartist",
      "cloudwatch"
    ],
    "templating": {
      "list": [
        {
          "current": {},
          "includeAll": false,
          "label": "Datasource",
          "name": "datasource",
          "options": [],
          "query": "cloudwatch",
          "refresh": 1,
          "regex": "",
          "type": "datasource"
        }
      ]
    },
    "time": {
      "from": "now-30d",
      "to": "now"
    },
    "timepicker": {},
    "timezone": "browser",
    "title": "AWS Billing",
    "uid": "AWSBillig",
    "version": 7,
    "weekStart": ""
  }