{
    "__inputs": [],
    "__elements": {},
    "__requires": [
      {
        "type": "datasource",
        "id": "cloudwatch",
        "name": "CloudWatch",
        "version": "1.0.0"
      },
      {
        "type": "grafana",
        "id": "grafana",
        "name": "Grafana",
        "version": "11.3.1"
      },
      {
        "type": "panel",
        "id": "text",
        "name": "Text",
        "version": ""
      },
      {
        "type": "panel",
        "id": "timeseries",
        "name": "Time series",
        "version": ""
      }
    ],
    "annotations": {
      "list": [
        {
          "builtIn": 1,
          "datasource": {
            "type": "datasource",
            "uid": "grafana"
          },
          "enable": true,
          "hide": true,
          "iconColor": "rgba(0, 211, 255, 1)",
          "name": "Annotations & Alerts",
          "type": "dashboard"
        }
      ]
    },
    "description": "Visualize AWS EC2 and related EBS metrics",
    "editable": false,
    "fiscalYearStartMonth": 0,
    "graphTooltip": 0,
    "id": null,
    "links": [],
    "panels": [
      {
        "datasource": {
          "uid": "$datasource"
        },
        "fieldConfig": {
          "defaults": {
            "color": {
              "mode": "palette-classic"
            },
            "custom": {
              "axisBorderShow": false,
              "axisCenteredZero": false,
              "axisColorMode": "text",
              "axisLabel": "",
              "axisPlacement": "auto",
              "barAlignment": 0,
              "barWidthFactor": 0.6,
              "drawStyle": "line",
              "fillOpacity": 10,
              "gradientMode": "none",
              "hideFrom": {
                "legend": false,
                "tooltip": false,
                "viz": false
              },
              "insertNulls": false,
              "lineInterpolation": "linear",
              "lineWidth": 1,
              "pointSize": 5,
              "scaleDistribution": {
                "type": "linear"
              },
              "showPoints": "never",
              "spanNulls": true,
              "stacking": {
                "group": "A",
                "mode": "none"
              },
              "thresholdsStyle": {
                "mode": "off"
              }
            },
            "mappings": [],
            "min": 0,
            "thresholds": {
              "mode": "absolute",
              "steps": [
                {
                  "color": "green",
                  "value": null
                },
                {
                  "color": "red",
                  "value": 80
                }
              ]
            },
            "unit": "percent"
          },
          "overrides": []
        },
        "gridPos": {
          "h": 7,
          "w": 24,
          "x": 0,
          "y": 0
        },
        "id": 7,
        "options": {
          "legend": {
            "calcs": [
              "mean",
              "max",
              "min"
            ],
            "displayMode": "table",
            "placement": "bottom",
            "showLegend": true
          },
          "tooltip": {
            "mode": "multi",
            "sort": "none"
          }
        },
        "pluginVersion": "11.3.1",
        "targets": [
          {
            "alias": "",
            "application": {
              "filter": ""
            },
            "datasource": {
              "type": "cloudwatch",
              "uid": "$datasource"
            },
            "dimensions": {
              "InstanceId": "$instanceid"
            },
            "functions": [],
            "group": {
              "filter": ""
            },
            "host": {
              "filter": ""
            },
            "item": {
              "filter": ""
            },
            "metricEditorMode": 0,
            "metricName": "CPUUtilization",
            "metricQueryType": 0,
            "mode": 0,
            "namespace": "AWS/EC2",
            "options": {
              "showDisabledItems": false
            },
            "period": "",
            "refId": "A",
            "region": "$region",
            "statistic": "Average"
          }
        ],
        "title": "CPUUtilization",
        "type": "timeseries"
      },
      {
        "datasource": {
          "uid": "$datasource"
        },
        "fieldConfig": {
          "defaults": {
            "color": {
              "mode": "palette-classic"
            },
            "custom": {
              "axisBorderShow": false,
              "axisCenteredZero": false,
              "axisColorMode": "text",
              "axisLabel": "",
              "axisPlacement": "auto",
              "barAlignment": 0,
              "barWidthFactor": 0.6,
              "drawStyle": "line",
              "fillOpacity": 10,
              "gradientMode": "none",
              "hideFrom": {
                "legend": false,
                "tooltip": false,
                "viz": false
              },
              "insertNulls": false,
              "lineInterpolation": "linear",
              "lineWidth": 1,
              "pointSize": 5,
              "scaleDistribution": {
                "type": "linear"
              },
              "showPoints": "never",
              "spanNulls": true,
              "stacking": {
                "group": "A",
                "mode": "none"
              },
              "thresholdsStyle": {
                "mode": "off"
              }
            },
            "mappings": [],
            "min": 0,
            "thresholds": {
              "mode": "absolute",
              "steps": [
                {
                  "color": "green",
                  "value": null
                },
                {
                  "color": "red",
                  "value": 80
                }
              ]
            },
            "unit": "none"
          },
          "overrides": []
        },
        "gridPos": {
          "h": 7,
          "w": 24,
          "x": 0,
          "y": 7
        },
        "id": 8,
        "options": {
          "legend": {
            "calcs": [
              "mean",
              "max",
              "min"
            ],
            "displayMode": "table",
            "placement": "bottom",
            "showLegend": true
          },
          "tooltip": {
            "mode": "multi",
            "sort": "none"
          }
        },
        "pluginVersion": "11.3.1",
        "targets": [
          {
            "alias": "",
            "application": {
              "filter": ""
            },
            "datasource": {
              "type": "cloudwatch",
              "uid": "$datasource"
            },
            "dimensions": {
              "InstanceId": "$instanceid"
            },
            "functions": [],
            "group": {
              "filter": ""
            },
            "host": {
              "filter": ""
            },
            "item": {
              "filter": ""
            },
            "label": "",
            "metricEditorMode": 0,
            "metricName": "CPUCreditUsage",
            "metricQueryType": 0,
            "mode": 0,
            "namespace": "AWS/EC2",
            "options": {
              "showDisabledItems": false
            },
            "period": "",
            "refId": "A",
            "region": "$region",
            "statistic": "Average"
          },
          {
            "alias": "",
            "application": {
              "filter": ""
            },
            "datasource": {
              "uid": "$datasource"
            },
            "dimensions": {
              "InstanceId": "$instanceid"
            },
            "functions": [],
            "group": {
              "filter": ""
            },
            "host": {
              "filter": ""
            },
            "item": {
              "filter": ""
            },
            "label": "",
            "metricEditorMode": 0,
            "metricName": "CPUCreditBalance",
            "metricQueryType": 0,
            "mode": 0,
            "namespace": "AWS/EC2",
            "options": {
              "showDisabledItems": false
            },
            "period": "",
            "refId": "B",
            "region": "$region",
            "statistic": "Average"
          }
        ],
        "title": "CPUCreditUsage/CPUCreditBalance",
        "type": "timeseries"
      },
      {
        "datasource": {
          "type": "cloudwatch",
          "uid": "$datasource"
        },
        "fieldConfig": {
          "defaults": {
            "color": {
              "mode": "palette-classic"
            },
            "custom": {
              "axisBorderShow": false,
              "axisCenteredZero": false,
              "axisColorMode": "text",
              "axisLabel": "",
              "axisPlacement": "auto",
              "barAlignment": 0,
              "barWidthFactor": 0.6,
              "drawStyle": "line",
              "fillOpacity": 10,
              "gradientMode": "none",
              "hideFrom": {
                "legend": false,
                "tooltip": false,
                "viz": false
              },
              "insertNulls": false,
              "lineInterpolation": "linear",
              "lineWidth": 1,
              "pointSize": 5,
              "scaleDistribution": {
                "type": "linear"
              },
              "showPoints": "never",
              "spanNulls": true,
              "stacking": {
                "group": "A",
                "mode": "none"
              },
              "thresholdsStyle": {
                "mode": "off"
              }
            },
            "mappings": [],
            "min": 0,
            "thresholds": {
              "mode": "absolute",
              "steps": [
                {
                  "color": "green",
                  "value": null
                },
                {
                  "color": "red",
                  "value": 80
                }
              ]
            },
            "unit": "none"
          },
          "overrides": []
        },
        "gridPos": {
          "h": 7,
          "w": 24,
          "x": 0,
          "y": 14
        },
        "id": 9,
        "options": {
          "legend": {
            "calcs": [
              "mean",
              "max",
              "min"
            ],
            "displayMode": "table",
            "placement": "bottom",
            "showLegend": true
          },
          "tooltip": {
            "mode": "multi",
            "sort": "none"
          }
        },
        "pluginVersion": "11.3.1",
        "targets": [
          {
            "alias": "",
            "application": {
              "filter": ""
            },
            "datasource": {
              "uid": "$datasource"
            },
            "dimensions": {
              "InstanceId": "$instanceid"
            },
            "functions": [],
            "group": {
              "filter": ""
            },
            "host": {
              "filter": ""
            },
            "item": {
              "filter": ""
            },
            "label": "",
            "metricEditorMode": 0,
            "metricName": "DiskReadOps",
            "metricQueryType": 0,
            "mode": 0,
            "namespace": "AWS/EC2",
            "options": {
              "showDisabledItems": false
            },
            "period": "",
            "refId": "A",
            "region": "$region",
            "statistic": "Average"
          },
          {
            "alias": "",
            "application": {
              "filter": ""
            },
            "datasource": {
              "type": "cloudwatch",
              "uid": "$datasource"
            },
            "dimensions": {
              "InstanceId": "$instanceid"
            },
            "functions": [],
            "group": {
              "filter": ""
            },
            "host": {
              "filter": ""
            },
            "item": {
              "filter": ""
            },
            "label": "",
            "metricEditorMode": 0,
            "metricName": "DiskWriteOps",
            "metricQueryType": 0,
            "mode": 0,
            "namespace": "AWS/EC2",
            "options": {
              "showDisabledItems": false
            },
            "period": "",
            "refId": "B",
            "region": "$region",
            "statistic": "Average"
          }
        ],
        "title": "DiskReadOps/DiskWriteOps",
        "type": "timeseries"
      },
      {
        "datasource": {
          "uid": "$datasource"
        },
        "fieldConfig": {
          "defaults": {
            "color": {
              "mode": "palette-classic"
            },
            "custom": {
              "axisBorderShow": false,
              "axisCenteredZero": false,
              "axisColorMode": "text",
              "axisLabel": "",
              "axisPlacement": "auto",
              "barAlignment": 0,
              "barWidthFactor": 0.6,
              "drawStyle": "line",
              "fillOpacity": 10,
              "gradientMode": "none",
              "hideFrom": {
                "legend": false,
                "tooltip": false,
                "viz": false
              },
              "insertNulls": false,
              "lineInterpolation": "linear",
              "lineWidth": 1,
              "pointSize": 5,
              "scaleDistribution": {
                "type": "linear"
              },
              "showPoints": "never",
              "spanNulls": true,
              "stacking": {
                "group": "A",
                "mode": "none"
              },
              "thresholdsStyle": {
                "mode": "off"
              }
            },
            "mappings": [],
            "min": 0,
            "thresholds": {
              "mode": "absolute",
              "steps": [
                {
                  "color": "green",
                  "value": null
                },
                {
                  "color": "red",
                  "value": 80
                }
              ]
            },
            "unit": "bytes"
          },
          "overrides": []
        },
        "gridPos": {
          "h": 7,
          "w": 24,
          "x": 0,
          "y": 21
        },
        "id": 10,
        "options": {
          "legend": {
            "calcs": [
              "mean",
              "max",
              "min"
            ],
            "displayMode": "table",
            "placement": "bottom",
            "showLegend": true
          },
          "tooltip": {
            "mode": "multi",
            "sort": "none"
          }
        },
        "pluginVersion": "11.3.1",
        "targets": [
          {
            "alias": "",
            "application": {
              "filter": ""
            },
            "datasource": {
              "type": "cloudwatch",
              "uid": "$datasource"
            },
            "dimensions": {
              "InstanceId": "$instanceid"
            },
            "functions": [],
            "group": {
              "filter": ""
            },
            "host": {
              "filter": ""
            },
            "item": {
              "filter": ""
            },
            "label": "",
            "metricEditorMode": 0,
            "metricName": "DiskReadBytes",
            "metricQueryType": 0,
            "mode": 0,
            "namespace": "AWS/EC2",
            "options": {
              "showDisabledItems": false
            },
            "period": "",
            "refId": "A",
            "region": "$region",
            "statistic": "Average"
          },
          {
            "alias": "",
            "application": {
              "filter": ""
            },
            "datasource": {
              "uid": "$datasource"
            },
            "dimensions": {
              "InstanceId": "$instanceid"
            },
            "functions": [],
            "group": {
              "filter": ""
            },
            "host": {
              "filter": ""
            },
            "item": {
              "filter": ""
            },
            "label": "",
            "metricEditorMode": 0,
            "metricName": "DiskWriteBytes",
            "metricQueryType": 0,
            "mode": 0,
            "namespace": "AWS/EC2",
            "options": {
              "showDisabledItems": false
            },
            "period": "",
            "refId": "B",
            "region": "$region",
            "statistic": "Average"
          }
        ],
        "title": "DiskReadBytes/DiskWriteBytes",
        "type": "timeseries"
      },
      {
        "datasource": {
          "type": "cloudwatch",
          "uid": "$datasource"
        },
        "fieldConfig": {
          "defaults": {
            "color": {
              "mode": "palette-classic"
            },
            "custom": {
              "axisBorderShow": false,
              "axisCenteredZero": false,
              "axisColorMode": "text",
              "axisLabel": "",
              "axisPlacement": "auto",
              "barAlignment": 0,
              "barWidthFactor": 0.6,
              "drawStyle": "line",
              "fillOpacity": 10,
              "gradientMode": "none",
              "hideFrom": {
                "legend": false,
                "tooltip": false,
                "viz": false
              },
              "insertNulls": false,
              "lineInterpolation": "linear",
              "lineWidth": 1,
              "pointSize": 5,
              "scaleDistribution": {
                "type": "linear"
              },
              "showPoints": "never",
              "spanNulls": true,
              "stacking": {
                "group": "A",
                "mode": "none"
              },
              "thresholdsStyle": {
                "mode": "off"
              }
            },
            "mappings": [],
            "min": 0,
            "thresholds": {
              "mode": "absolute",
              "steps": [
                {
                  "color": "green",
                  "value": null
                },
                {
                  "color": "red",
                  "value": 80
                }
              ]
            },
            "unit": "bytes"
          },
          "overrides": []
        },
        "gridPos": {
          "h": 7,
          "w": 24,
          "x": 0,
          "y": 28
        },
        "id": 11,
        "options": {
          "legend": {
            "calcs": [
              "mean",
              "max",
              "min"
            ],
            "displayMode": "table",
            "placement": "bottom",
            "showLegend": true
          },
          "tooltip": {
            "mode": "multi",
            "sort": "none"
          }
        },
        "pluginVersion": "11.3.1",
        "targets": [
          {
            "alias": "",
            "application": {
              "filter": ""
            },
            "datasource": {
              "uid": "$datasource"
            },
            "dimensions": {
              "InstanceId": "$instanceid"
            },
            "functions": [],
            "group": {
              "filter": ""
            },
            "host": {
              "filter": ""
            },
            "item": {
              "filter": ""
            },
            "label": "",
            "metricEditorMode": 0,
            "metricName": "NetworkIn",
            "metricQueryType": 0,
            "mode": 0,
            "namespace": "AWS/EC2",
            "options": {
              "showDisabledItems": false
            },
            "period": "",
            "refId": "A",
            "region": "$region",
            "statistic": "Average"
          },
          {
            "alias": "",
            "application": {
              "filter": ""
            },
            "datasource": {
              "type": "cloudwatch",
              "uid": "$datasource"
            },
            "dimensions": {
              "InstanceId": "$instanceid"
            },
            "functions": [],
            "group": {
              "filter": ""
            },
            "host": {
              "filter": ""
            },
            "item": {
              "filter": ""
            },
            "label": "",
            "metricEditorMode": 0,
            "metricName": "NetworkOut",
            "metricQueryType": 0,
            "mode": 0,
            "namespace": "AWS/EC2",
            "options": {
              "showDisabledItems": false
            },
            "period": "",
            "refId": "B",
            "region": "$region",
            "statistic": "Average"
          }
        ],
        "title": "NetworkIn/NetworkOut",
        "type": "timeseries"
      },
      {
        "datasource": {
          "uid": "$datasource"
        },
        "fieldConfig": {
          "defaults": {
            "color": {
              "mode": "palette-classic"
            },
            "custom": {
              "axisBorderShow": false,
              "axisCenteredZero": false,
              "axisColorMode": "text",
              "axisLabel": "",
              "axisPlacement": "auto",
              "barAlignment": 0,
              "barWidthFactor": 0.6,
              "drawStyle": "line",
              "fillOpacity": 10,
              "gradientMode": "none",
              "hideFrom": {
                "legend": false,
                "tooltip": false,
                "viz": false
              },
              "insertNulls": false,
              "lineInterpolation": "linear",
              "lineWidth": 1,
              "pointSize": 5,
              "scaleDistribution": {
                "type": "linear"
              },
              "showPoints": "never",
              "spanNulls": true,
              "stacking": {
                "group": "A",
                "mode": "none"
              },
              "thresholdsStyle": {
                "mode": "off"
              }
            },
            "mappings": [],
            "min": 0,
            "thresholds": {
              "mode": "absolute",
              "steps": [
                {
                  "color": "green",
                  "value": null
                },
                {
                  "color": "red",
                  "value": 80
                }
              ]
            },
            "unit": "none"
          },
          "overrides": []
        },
        "gridPos": {
          "h": 7,
          "w": 24,
          "x": 0,
          "y": 35
        },
        "id": 12,
        "options": {
          "legend": {
            "calcs": [
              "mean",
              "max",
              "min"
            ],
            "displayMode": "table",
            "placement": "bottom",
            "showLegend": true
          },
          "tooltip": {
            "mode": "multi",
            "sort": "none"
          }
        },
        "pluginVersion": "11.3.1",
        "targets": [
          {
            "alias": "",
            "application": {
              "filter": ""
            },
            "datasource": {
              "type": "cloudwatch",
              "uid": "$datasource"
            },
            "dimensions": {
              "InstanceId": "$instanceid"
            },
            "functions": [],
            "group": {
              "filter": ""
            },
            "host": {
              "filter": ""
            },
            "item": {
              "filter": ""
            },
            "label": "",
            "metricEditorMode": 0,
            "metricName": "NetworkPacketsIn",
            "metricQueryType": 0,
            "mode": 0,
            "namespace": "AWS/EC2",
            "options": {
              "showDisabledItems": false
            },
            "period": "",
            "refId": "A",
            "region": "$region",
            "statistic": "Average"
          },
          {
            "alias": "",
            "application": {
              "filter": ""
            },
            "datasource": {
              "uid": "$datasource"
            },
            "dimensions": {
              "InstanceId": "$instanceid"
            },
            "functions": [],
            "group": {
              "filter": ""
            },
            "host": {
              "filter": ""
            },
            "item": {
              "filter": ""
            },
            "label": "",
            "metricEditorMode": 0,
            "metricName": "NetworkPacketsOut",
            "metricQueryType": 0,
            "mode": 0,
            "namespace": "AWS/EC2",
            "options": {
              "showDisabledItems": false
            },
            "period": "",
            "refId": "B",
            "region": "$region",
            "statistic": "Average"
          }
        ],
        "title": "NetworkPacketsIn/NetworkPacketsOut",
        "type": "timeseries"
      },
      {
        "datasource": {
          "type": "cloudwatch",
          "uid": "$datasource"
        },
        "fieldConfig": {
          "defaults": {
            "color": {
              "mode": "palette-classic"
            },
            "custom": {
              "axisBorderShow": false,
              "axisCenteredZero": false,
              "axisColorMode": "text",
              "axisLabel": "",
              "axisPlacement": "auto",
              "barAlignment": 0,
              "barWidthFactor": 0.6,
              "drawStyle": "line",
              "fillOpacity": 10,
              "gradientMode": "none",
              "hideFrom": {
                "legend": false,
                "tooltip": false,
                "viz": false
              },
              "insertNulls": false,
              "lineInterpolation": "linear",
              "lineWidth": 1,
              "pointSize": 5,
              "scaleDistribution": {
                "type": "linear"
              },
              "showPoints": "never",
              "spanNulls": true,
              "stacking": {
                "group": "A",
                "mode": "none"
              },
              "thresholdsStyle": {
                "mode": "off"
              }
            },
            "mappings": [],
            "min": 0,
            "thresholds": {
              "mode": "absolute",
              "steps": [
                {
                  "color": "green",
                  "value": null
                },
                {
                  "color": "red",
                  "value": 80
                }
              ]
            },
            "unit": "none"
          },
          "overrides": []
        },
        "gridPos": {
          "h": 7,
          "w": 24,
          "x": 0,
          "y": 42
        },
        "id": 13,
        "options": {
          "legend": {
            "calcs": [
              "mean",
              "max",
              "min"
            ],
            "displayMode": "table",
            "placement": "bottom",
            "showLegend": true
          },
          "tooltip": {
            "mode": "multi",
            "sort": "none"
          }
        },
        "pluginVersion": "11.3.1",
        "targets": [
          {
            "alias": "",
            "application": {
              "filter": ""
            },
            "datasource": {
              "uid": "$datasource"
            },
            "dimensions": {
              "InstanceId": "$instanceid"
            },
            "functions": [],
            "group": {
              "filter": ""
            },
            "host": {
              "filter": ""
            },
            "item": {
              "filter": ""
            },
            "label": "",
            "metricEditorMode": 0,
            "metricName": "StatusCheckFailed",
            "metricQueryType": 0,
            "mode": 0,
            "namespace": "AWS/EC2",
            "options": {
              "showDisabledItems": false
            },
            "period": "",
            "refId": "A",
            "region": "$region",
            "statistic": "Average"
          },
          {
            "alias": "",
            "application": {
              "filter": ""
            },
            "datasource": {
              "type": "cloudwatch",
              "uid": "$datasource"
            },
            "dimensions": {
              "InstanceId": "$instanceid"
            },
            "functions": [],
            "group": {
              "filter": ""
            },
            "host": {
              "filter": ""
            },
            "item": {
              "filter": ""
            },
            "label": "",
            "metricEditorMode": 0,
            "metricName": "StatusCheckFailed_Instance",
            "metricQueryType": 0,
            "mode": 0,
            "namespace": "AWS/EC2",
            "options": {
              "showDisabledItems": false
            },
            "period": "",
            "refId": "B",
            "region": "$region",
            "statistic": "Average"
          },
          {
            "alias": "",
            "application": {
              "filter": ""
            },
            "datasource": {
              "uid": "$datasource"
            },
            "dimensions": {
              "InstanceId": "$instanceid"
            },
            "functions": [],
            "group": {
              "filter": ""
            },
            "host": {
              "filter": ""
            },
            "item": {
              "filter": ""
            },
            "label": "",
            "metricEditorMode": 0,
            "metricName": "StatusCheckFailed_System",
            "metricQueryType": 0,
            "mode": 0,
            "namespace": "AWS/EC2",
            "options": {
              "showDisabledItems": false
            },
            "period": "",
            "refId": "C",
            "region": "$region",
            "statistic": "Average"
          }
        ],
        "title": "StatusCheck/StatusCheck_Instance/StatusCheck_System",
        "type": "timeseries"
      },
      {
        "datasource": {
          "type": "cloudwatch",
          "uid": "$datasource"
        },
        "fieldConfig": {
          "defaults": {
            "color": {
              "mode": "palette-classic"
            },
            "custom": {
              "axisBorderShow": false,
              "axisCenteredZero": false,
              "axisColorMode": "text",
              "axisLabel": "",
              "axisPlacement": "auto",
              "barAlignment": 0,
              "barWidthFactor": 0.6,
              "drawStyle": "line",
              "fillOpacity": 10,
              "gradientMode": "none",
              "hideFrom": {
                "legend": false,
                "tooltip": false,
                "viz": false
              },
              "insertNulls": false,
              "lineInterpolation": "linear",
              "lineWidth": 1,
              "pointSize": 5,
              "scaleDistribution": {
                "type": "linear"
              },
              "showPoints": "never",
              "spanNulls": true,
              "stacking": {
                "group": "A",
                "mode": "none"
              },
              "thresholdsStyle": {
                "mode": "off"
              }
            },
            "mappings": [],
            "min": 0,
            "thresholds": {
              "mode": "absolute",
              "steps": [
                {
                  "color": "green",
                  "value": null
                },
                {
                  "color": "red",
                  "value": 80
                }
              ]
            },
            "unit": "none"
          },
          "overrides": []
        },
        "gridPos": {
          "h": 7,
          "w": 24,
          "x": 0,
          "y": 49
        },
        "id": 14,
        "options": {
          "legend": {
            "calcs": [
              "mean",
              "max",
              "min"
            ],
            "displayMode": "table",
            "placement": "bottom",
            "showLegend": true
          },
          "tooltip": {
            "mode": "multi",
            "sort": "none"
          }
        },
        "pluginVersion": "11.3.1",
        "targets": [
          {
            "alias": "",
            "application": {
              "filter": ""
            },
            "datasource": {
              "uid": "$datasource"
            },
            "dimensions": {
              "VolumeId": "$volumeid"
            },
            "functions": [],
            "group": {
              "filter": ""
            },
            "host": {
              "filter": ""
            },
            "item": {
              "filter": ""
            },
            "metricEditorMode": 0,
            "metricName": "VolumeReadOps",
            "metricQueryType": 0,
            "mode": 0,
            "namespace": "AWS/EBS",
            "options": {
              "showDisabledItems": false
            },
            "period": "",
            "refId": "A",
            "region": "$region",
            "statistic": "Average"
          },
          {
            "alias": "",
            "application": {
              "filter": ""
            },
            "datasource": {
              "type": "cloudwatch",
              "uid": "$datasource"
            },
            "dimensions": {
              "VolumeId": "$volumeid"
            },
            "functions": [],
            "group": {
              "filter": ""
            },
            "host": {
              "filter": ""
            },
            "item": {
              "filter": ""
            },
            "metricEditorMode": 0,
            "metricName": "VolumeWriteOps",
            "metricQueryType": 0,
            "mode": 0,
            "namespace": "AWS/EBS",
            "options": {
              "showDisabledItems": false
            },
            "period": "",
            "refId": "B",
            "region": "$region",
            "statistic": "Average"
          }
        ],
        "title": "EBS VolumeOps",
        "type": "timeseries"
      },
      {
        "datasource": {
          "uid": "$datasource"
        },
        "fieldConfig": {
          "defaults": {
            "color": {
              "mode": "palette-classic"
            },
            "custom": {
              "axisBorderShow": false,
              "axisCenteredZero": false,
              "axisColorMode": "text",
              "axisLabel": "",
              "axisPlacement": "auto",
              "barAlignment": 0,
              "barWidthFactor": 0.6,
              "drawStyle": "line",
              "fillOpacity": 10,
              "gradientMode": "none",
              "hideFrom": {
                "legend": false,
                "tooltip": false,
                "viz": false
              },
              "insertNulls": false,
              "lineInterpolation": "linear",
              "lineWidth": 1,
              "pointSize": 5,
              "scaleDistribution": {
                "type": "linear"
              },
              "showPoints": "never",
              "spanNulls": true,
              "stacking": {
                "group": "A",
                "mode": "none"
              },
              "thresholdsStyle": {
                "mode": "off"
              }
            },
            "mappings": [],
            "min": 0,
            "thresholds": {
              "mode": "absolute",
              "steps": [
                {
                  "color": "green",
                  "value": null
                },
                {
                  "color": "red",
                  "value": 80
                }
              ]
            },
            "unit": "bytes"
          },
          "overrides": []
        },
        "gridPos": {
          "h": 7,
          "w": 24,
          "x": 0,
          "y": 56
        },
        "id": 15,
        "options": {
          "legend": {
            "calcs": [
              "mean",
              "max",
              "min"
            ],
            "displayMode": "table",
            "placement": "bottom",
            "showLegend": true
          },
          "tooltip": {
            "mode": "multi",
            "sort": "none"
          }
        },
        "pluginVersion": "11.3.1",
        "targets": [
          {
            "alias": "",
            "application": {
              "filter": ""
            },
            "datasource": {
              "type": "cloudwatch",
              "uid": "$datasource"
            },
            "dimensions": {
              "VolumeId": "$volumeid"
            },
            "functions": [],
            "group": {
              "filter": ""
            },
            "host": {
              "filter": ""
            },
            "item": {
              "filter": ""
            },
            "metricEditorMode": 0,
            "metricName": "VolumeReadBytes",
            "metricQueryType": 0,
            "mode": 0,
            "namespace": "AWS/EBS",
            "options": {
              "showDisabledItems": false
            },
            "period": "",
            "refId": "A",
            "region": "$region",
            "statistic": "Average"
          },
          {
            "alias": "",
            "application": {
              "filter": ""
            },
            "datasource": {
              "uid": "$datasource"
            },
            "dimensions": {
              "VolumeId": "$volumeid"
            },
            "functions": [],
            "group": {
              "filter": ""
            },
            "host": {
              "filter": ""
            },
            "item": {
              "filter": ""
            },
            "metricEditorMode": 0,
            "metricName": "VolumeWriteBytes",
            "metricQueryType": 0,
            "mode": 0,
            "namespace": "AWS/EBS",
            "options": {
              "showDisabledItems": false
            },
            "period": "",
            "refId": "B",
            "region": "$region",
            "statistic": "Average"
          }
        ],
        "title": "EBS VolumeBytes",
        "type": "timeseries"
      },
      {
        "datasource": {
          "type": "cloudwatch",
          "uid": "$datasource"
        },
        "fieldConfig": {
          "defaults": {
            "color": {
              "mode": "palette-classic"
            },
            "custom": {
              "axisBorderShow": false,
              "axisCenteredZero": false,
              "axisColorMode": "text",
              "axisLabel": "",
              "axisPlacement": "auto",
              "barAlignment": 0,
              "barWidthFactor": 0.6,
              "drawStyle": "line",
              "fillOpacity": 10,
              "gradientMode": "none",
              "hideFrom": {
                "legend": false,
                "tooltip": false,
                "viz": false
              },
              "insertNulls": false,
              "lineInterpolation": "linear",
              "lineWidth": 1,
              "pointSize": 5,
              "scaleDistribution": {
                "type": "linear"
              },
              "showPoints": "never",
              "spanNulls": true,
              "stacking": {
                "group": "A",
                "mode": "none"
              },
              "thresholdsStyle": {
                "mode": "off"
              }
            },
            "mappings": [],
            "min": 0,
            "thresholds": {
              "mode": "absolute",
              "steps": [
                {
                  "color": "green",
                  "value": null
                },
                {
                  "color": "red",
                  "value": 80
                }
              ]
            },
            "unit": "none"
          },
          "overrides": [
            {
              "matcher": {
                "id": "byName",
                "options": "VolumeIdleTime_Average"
              },
              "properties": [
                {
                  "id": "unit",
                  "value": "s"
                },
                {
                  "id": "custom.axisPlacement",
                  "value": "right"
                },
                {
                  "id": "custom.axisPlacement",
                  "value": "hidden"
                }
              ]
            }
          ]
        },
        "gridPos": {
          "h": 7,
          "w": 24,
          "x": 0,
          "y": 63
        },
        "id": 16,
        "options": {
          "legend": {
            "calcs": [
              "mean",
              "max",
              "min"
            ],
            "displayMode": "table",
            "placement": "bottom",
            "showLegend": true
          },
          "tooltip": {
            "mode": "multi",
            "sort": "none"
          }
        },
        "pluginVersion": "11.3.1",
        "targets": [
          {
            "alias": "",
            "application": {
              "filter": ""
            },
            "datasource": {
              "uid": "$datasource"
            },
            "dimensions": {
              "VolumeId": "$volumeid"
            },
            "functions": [],
            "group": {
              "filter": ""
            },
            "host": {
              "filter": ""
            },
            "item": {
              "filter": ""
            },
            "metricEditorMode": 0,
            "metricName": "VolumeQueueLength",
            "metricQueryType": 0,
            "mode": 0,
            "namespace": "AWS/EBS",
            "options": {
              "showDisabledItems": false
            },
            "period": "",
            "refId": "A",
            "region": "$region",
            "statistic": "Average"
          }
        ],
        "title": "EBS VolumeQueueLength",
        "type": "timeseries"
      },
      {
        "datasource": {
          "type": "cloudwatch",
          "uid": "$datasource"
        },
        "fieldConfig": {
          "defaults": {
            "color": {
              "mode": "palette-classic"
            },
            "custom": {
              "axisBorderShow": false,
              "axisCenteredZero": false,
              "axisColorMode": "text",
              "axisLabel": "",
              "axisPlacement": "auto",
              "barAlignment": 0,
              "barWidthFactor": 0.6,
              "drawStyle": "line",
              "fillOpacity": 10,
              "gradientMode": "none",
              "hideFrom": {
                "legend": false,
                "tooltip": false,
                "viz": false
              },
              "insertNulls": false,
              "lineInterpolation": "linear",
              "lineWidth": 1,
              "pointSize": 5,
              "scaleDistribution": {
                "type": "linear"
              },
              "showPoints": "never",
              "spanNulls": true,
              "stacking": {
                "group": "A",
                "mode": "none"
              },
              "thresholdsStyle": {
                "mode": "off"
              }
            },
            "mappings": [],
            "min": 0,
            "thresholds": {
              "mode": "absolute",
              "steps": [
                {
                  "color": "green",
                  "value": null
                },
                {
                  "color": "red",
                  "value": 80
                }
              ]
            },
            "unit": "s"
          },
          "overrides": [
            {
              "matcher": {
                "id": "byName",
                "options": "VolumeIdleTime"
              },
              "properties": [
                {
                  "id": "custom.axisPlacement",
                  "value": "right"
                }
              ]
            }
          ]
        },
        "gridPos": {
          "h": 7,
          "w": 24,
          "x": 0,
          "y": 70
        },
        "id": 17,
        "options": {
          "legend": {
            "calcs": [
              "mean",
              "max",
              "min"
            ],
            "displayMode": "table",
            "placement": "bottom",
            "showLegend": true
          },
          "tooltip": {
            "mode": "multi",
            "sort": "none"
          }
        },
        "pluginVersion": "11.3.1",
        "targets": [
          {
            "alias": "",
            "application": {
              "filter": ""
            },
            "datasource": {
              "uid": "$datasource"
            },
            "dimensions": {
              "VolumeId": "$volumeid"
            },
            "functions": [],
            "group": {
              "filter": ""
            },
            "host": {
              "filter": ""
            },
            "item": {
              "filter": ""
            },
            "label": "",
            "metricEditorMode": 0,
            "metricName": "VolumeTotalReadTime",
            "metricQueryType": 0,
            "mode": 0,
            "namespace": "AWS/EBS",
            "options": {
              "showDisabledItems": false
            },
            "period": "",
            "refId": "A",
            "region": "$region",
            "statistic": "Average"
          },
          {
            "alias": "",
            "application": {
              "filter": ""
            },
            "datasource": {
              "type": "cloudwatch",
              "uid": "$datasource"
            },
            "dimensions": {
              "VolumeId": "$volumeid"
            },
            "functions": [],
            "group": {
              "filter": ""
            },
            "host": {
              "filter": ""
            },
            "item": {
              "filter": ""
            },
            "label": "",
            "metricEditorMode": 0,
            "metricName": "VolumeTotalWriteTime",
            "metricQueryType": 0,
            "mode": 0,
            "namespace": "AWS/EBS",
            "options": {
              "showDisabledItems": false
            },
            "period": "",
            "refId": "B",
            "region": "$region",
            "statistic": "Average"
          },
          {
            "alias": "",
            "application": {
              "filter": ""
            },
            "datasource": {
              "uid": "$datasource"
            },
            "dimensions": {
              "VolumeId": "$volumeid"
            },
            "functions": [],
            "group": {
              "filter": ""
            },
            "host": {
              "filter": ""
            },
            "item": {
              "filter": ""
            },
            "label": "",
            "metricEditorMode": 0,
            "metricName": "VolumeIdleTime",
            "metricQueryType": 0,
            "mode": 0,
            "namespace": "AWS/EBS",
            "options": {
              "showDisabledItems": false
            },
            "period": "",
            "refId": "C",
            "region": "$region",
            "statistic": "Average"
          }
        ],
        "title": "EBS VolumeTime",
        "type": "timeseries"
      },
      {
        "datasource": {
          "type": "cloudwatch",
          "uid": "$datasource"
        },
        "fieldConfig": {
          "defaults": {
            "color": {
              "mode": "palette-classic"
            },
            "custom": {
              "axisBorderShow": false,
              "axisCenteredZero": false,
              "axisColorMode": "text",
              "axisLabel": "",
              "axisPlacement": "auto",
              "barAlignment": 0,
              "barWidthFactor": 0.6,
              "drawStyle": "line",
              "fillOpacity": 10,
              "gradientMode": "none",
              "hideFrom": {
                "legend": false,
                "tooltip": false,
                "viz": false
              },
              "insertNulls": false,
              "lineInterpolation": "linear",
              "lineWidth": 1,
              "pointSize": 5,
              "scaleDistribution": {
                "type": "linear"
              },
              "showPoints": "never",
              "spanNulls": true,
              "stacking": {
                "group": "A",
                "mode": "none"
              },
              "thresholdsStyle": {
                "mode": "off"
              }
            },
            "mappings": [],
            "min": 0,
            "thresholds": {
              "mode": "absolute",
              "steps": [
                {
                  "color": "green",
                  "value": null
                },
                {
                  "color": "red",
                  "value": 80
                }
              ]
            },
            "unit": "percent"
          },
          "overrides": [
            {
              "matcher": {
                "id": "byName",
                "options": "VolumeIdleTime_Average"
              },
              "properties": [
                {
                  "id": "unit",
                  "value": "none"
                },
                {
                  "id": "custom.axisPlacement",
                  "value": "right"
                }
              ]
            },
            {
              "matcher": {
                "id": "byName",
                "options": "VolumeConsumedReadWriteOps_Average"
              },
              "properties": [
                {
                  "id": "unit",
                  "value": "none"
                },
                {
                  "id": "custom.axisPlacement",
                  "value": "right"
                }
              ]
            }
          ]
        },
        "gridPos": {
          "h": 7,
          "w": 24,
          "x": 0,
          "y": 77
        },
        "id": 18,
        "options": {
          "legend": {
            "calcs": [
              "mean",
              "max",
              "min"
            ],
            "displayMode": "table",
            "placement": "bottom",
            "showLegend": true
          },
          "tooltip": {
            "mode": "multi",
            "sort": "none"
          }
        },
        "pluginVersion": "11.3.1",
        "targets": [
          {
            "alias": "",
            "application": {
              "filter": ""
            },
            "datasource": {
              "uid": "$datasource"
            },
            "dimensions": {
              "VolumeId": "$volumeid"
            },
            "functions": [],
            "group": {
              "filter": ""
            },
            "host": {
              "filter": ""
            },
            "item": {
              "filter": ""
            },
            "metricEditorMode": 0,
            "metricName": "VolumeThroughputPercentage",
            "metricQueryType": 0,
            "mode": 0,
            "namespace": "AWS/EBS",
            "options": {
              "showDisabledItems": false
            },
            "period": "",
            "refId": "A",
            "region": "$region",
            "statistic": "Average"
          },
          {
            "alias": "",
            "application": {
              "filter": ""
            },
            "datasource": {
              "type": "cloudwatch",
              "uid": "$datasource"
            },
            "dimensions": {
              "VolumeId": "$volumeid"
            },
            "functions": [],
            "group": {
              "filter": ""
            },
            "host": {
              "filter": ""
            },
            "item": {
              "filter": ""
            },
            "metricEditorMode": 0,
            "metricName": "VolumeConsumedReadWriteOps",
            "metricQueryType": 0,
            "mode": 0,
            "namespace": "AWS/EBS",
            "options": {
              "showDisabledItems": false
            },
            "period": "",
            "refId": "B",
            "region": "$region",
            "statistic": "Average"
          }
        ],
        "title": "EBS VolumeThroughputPercentage",
        "type": "timeseries"
      },
      {
        "datasource": {
          "uid": "$datasource"
        },
        "fieldConfig": {
          "defaults": {
            "color": {
              "mode": "palette-classic"
            },
            "custom": {
              "axisBorderShow": false,
              "axisCenteredZero": false,
              "axisColorMode": "text",
              "axisLabel": "",
              "axisPlacement": "auto",
              "barAlignment": 0,
              "barWidthFactor": 0.6,
              "drawStyle": "line",
              "fillOpacity": 10,
              "gradientMode": "none",
              "hideFrom": {
                "legend": false,
                "tooltip": false,
                "viz": false
              },
              "insertNulls": false,
              "lineInterpolation": "linear",
              "lineWidth": 1,
              "pointSize": 5,
              "scaleDistribution": {
                "type": "linear"
              },
              "showPoints": "never",
              "spanNulls": true,
              "stacking": {
                "group": "A",
                "mode": "none"
              },
              "thresholdsStyle": {
                "mode": "off"
              }
            },
            "mappings": [],
            "min": 0,
            "thresholds": {
              "mode": "absolute",
              "steps": [
                {
                  "color": "green",
                  "value": null
                },
                {
                  "color": "red",
                  "value": 80
                }
              ]
            },
            "unit": "percent"
          },
          "overrides": [
            {
              "matcher": {
                "id": "byName",
                "options": "VolumeIdleTime_Average"
              },
              "properties": [
                {
                  "id": "unit",
                  "value": "none"
                },
                {
                  "id": "custom.axisPlacement",
                  "value": "right"
                },
                {
                  "id": "custom.axisPlacement",
                  "value": "hidden"
                }
              ]
            },
            {
              "matcher": {
                "id": "byName",
                "options": "VolumeConsumedReadWriteOps_Average"
              },
              "properties": [
                {
                  "id": "unit",
                  "value": "none"
                },
                {
                  "id": "custom.axisPlacement",
                  "value": "right"
                },
                {
                  "id": "custom.axisPlacement",
                  "value": "hidden"
                }
              ]
            }
          ]
        },
        "gridPos": {
          "h": 7,
          "w": 24,
          "x": 0,
          "y": 84
        },
        "id": 19,
        "options": {
          "legend": {
            "calcs": [
              "mean",
              "max",
              "min"
            ],
            "displayMode": "table",
            "placement": "bottom",
            "showLegend": true
          },
          "tooltip": {
            "mode": "multi",
            "sort": "none"
          }
        },
        "pluginVersion": "11.3.1",
        "targets": [
          {
            "alias": "",
            "application": {
              "filter": ""
            },
            "datasource": {
              "type": "cloudwatch",
              "uid": "$datasource"
            },
            "dimensions": {
              "VolumeId": "$volumeid"
            },
            "functions": [],
            "group": {
              "filter": ""
            },
            "host": {
              "filter": ""
            },
            "item": {
              "filter": ""
            },
            "metricEditorMode": 0,
            "metricName": "BurstBalance",
            "metricQueryType": 0,
            "mode": 0,
            "namespace": "AWS/EBS",
            "options": {
              "showDisabledItems": false
            },
            "period": "",
            "refId": "A",
            "region": "$region",
            "statistic": "Average"
          }
        ],
        "title": "EBS BurstBalance",
        "type": "timeseries"
      },
      {
        "gridPos": {
          "h": 3,
          "w": 24,
          "x": 0,
          "y": 91
        },
        "id": 2,
        "options": {
          "code": {
            "language": "plaintext",
            "showLineNumbers": false,
            "showMiniMap": false
          },
          "content": "<a target=\"_blank\" href=\"http://www.monitoringartist.com\" title=\"Dashboard maintained by Monitoring Artist - DevOps / Docker / Kubernetes / AWS ECS / Google GCP / Zabbix / Zenoss / Terraform / Monitoring\"><img src=\"https://monitoringartist.github.io/monitoring-artist-logo-grafana.png\" height=\"30px\" /></a> | \n<a target=\"_blank\" href=\"https://docs.aws.amazon.com/AmazonCloudWatch/latest/monitoring/ec2-metricscollected.html\">AWS CloudWatch EC2 documentation</a> | \n<a target=\"_blank\" href=\"https://grafana.com/dashboards/617\">Installed from Grafana.com dashboards</a>",
          "mode": "html"
        },
        "pluginVersion": "11.3.1",
        "title": "Documentation",
        "type": "text"
      }
    ],
    "refresh": false,
    "schemaVersion": 40,
    "tags": [
      "monitoringartist",
      "cloudwatch"
    ],
    "templating": {
      "list": [
        {
          "current": {},
          "includeAll": false,
          "label": "Datasource",
          "name": "datasource",
          "options": [],
          "query": "cloudwatch",
          "refresh": 1,
          "regex": "",
          "type": "datasource"
        },
        {
          "current": {},
          "datasource": {
            "type": "cloudwatch",
            "uid": "$datasource"
          },
          "includeAll": false,
          "label": "Region",
          "name": "region",
          "options": [],
          "query": "regions()",
          "refresh": 1,
          "regex": "",
          "type": "query"
        },
        {
          "allValue": "*",
          "current": {},
          "datasource": {
            "type": "cloudwatch",
            "uid": "$datasource"
          },
          "includeAll": true,
          "label": "Tag Name",
          "name": "instancename",
          "options": [],
          "query": "ec2_instance_attribute($region, Tags.Name, {})",
          "refresh": 1,
          "regex": "",
          "sort": 1,
          "type": "query"
        },
        {
          "current": {},
          "datasource": {
            "type": "cloudwatch",
            "uid": "$datasource"
          },
          "includeAll": false,
          "label": "Instance ID",
          "name": "instanceid",
          "options": [],
          "query": "ec2_instance_attribute($region, InstanceId, {\"tag:Name\": [\"$instancename\"]})",
          "refresh": 1,
          "regex": "",
          "sort": 1,
          "type": "query"
        },
        {
          "allValue": "*",
          "current": {},
          "datasource": {
            "type": "cloudwatch",
            "uid": "$datasource"
          },
          "includeAll": false,
          "label": "EBS volume",
          "name": "volumeid",
          "options": [],
          "query": "ebs_volume_ids($region, $instanceid)",
          "refresh": 1,
          "regex": "",
          "type": "query"
        },
        {
          "allValue": "*",
          "current": {},
          "datasource": {
            "type": "cloudwatch",
            "uid": "$datasource"
          },
          "includeAll": false,
          "label": "Info InstanceType",
          "name": "instancetype",
          "options": [],
          "query": "ec2_instance_attribute($region,InstanceType, {\"instance-id\": [\"$instanceid\"]})",
          "refresh": 1,
          "regex": "",
          "type": "query"
        }
      ]
    },
    "time": {
      "from": "now-24h",
      "to": "now"
    },
    "timepicker": {},
    "timezone": "browser",
    "title": "AWS EC2",
    "uid": "AWSEc2000",
    "version": 2,
    "weekStart": ""
  }