{
    "__inputs": [],
    "__elements": {},
    "__requires": [
      {
        "type": "datasource",
        "id": "cloudwatch",
        "name": "CloudWatch",
        "version": "1.0.0"
      },
      {
        "type": "grafana",
        "id": "grafana",
        "name": "Grafana",
        "version": "11.3.1"
      },
      {
        "type": "panel",
        "id": "text",
        "name": "Text",
        "version": ""
      },
      {
        "type": "panel",
        "id": "timeseries",
        "name": "Time series",
        "version": ""
      }
    ],
    "annotations": {
      "list": [
        {
          "builtIn": 1,
          "datasource": {
            "type": "datasource",
            "uid": "grafana"
          },
          "enable": true,
          "hide": true,
          "iconColor": "rgba(0, 211, 255, 1)",
          "name": "Annotations & Alerts",
          "type": "dashboard"
        }
      ]
    },
    "description": "Visualize AWS RDS metrics",
    "editable": false,
    "fiscalYearStartMonth": 0,
    "graphTooltip": 0,
    "id": null,
    "links": [],
    "panels": [
      {
        "datasource": {
          "type": "cloudwatch",
          "uid": "$datasource"
        },
        "fieldConfig": {
          "defaults": {
            "color": {
              "mode": "palette-classic"
            },
            "custom": {
              "axisBorderShow": false,
              "axisCenteredZero": false,
              "axisColorMode": "text",
              "axisLabel": "",
              "axisPlacement": "auto",
              "barAlignment": 0,
              "barWidthFactor": 0.6,
              "drawStyle": "line",
              "fillOpacity": 0,
              "gradientMode": "none",
              "hideFrom": {
                "legend": false,
                "tooltip": false,
                "viz": false
              },
              "insertNulls": false,
              "lineInterpolation": "linear",
              "lineWidth": 1,
              "pointSize": 5,
              "scaleDistribution": {
                "type": "linear"
              },
              "showPoints": "never",
              "spanNulls": false,
              "stacking": {
                "group": "A",
                "mode": "none"
              },
              "thresholdsStyle": {
                "mode": "off"
              }
            },
            "mappings": [],
            "thresholds": {
              "mode": "absolute",
              "steps": [
                {
                  "color": "green",
                  "value": null
                },
                {
                  "color": "red",
                  "value": 80
                }
              ]
            },
            "unit": "percent"
          },
          "overrides": [
            {
              "matcher": {
                "id": "byName",
                "options": "FailedSQLServerAgentJobsCount"
              },
              "properties": [
                {
                  "id": "color",
                  "value": {
                    "fixedColor": "#E0B400",
                    "mode": "fixed"
                  }
                },
                {
                  "id": "custom.axisPlacement",
                  "value": "right"
                }
              ]
            }
          ]
        },
        "gridPos": {
          "h": 7,
          "w": 24,
          "x": 0,
          "y": 0
        },
        "id": 16,
        "options": {
          "dataLinks": [],
          "legend": {
            "calcs": [
              "min",
              "max",
              "mean"
            ],
            "displayMode": "table",
            "placement": "bottom",
            "showLegend": true
          },
          "tooltip": {
            "mode": "single",
            "sort": "none"
          }
        },
        "pluginVersion": "11.3.1",
        "targets": [
          {
            "alias": "",
            "application": {
              "filter": ""
            },
            "datasource": {
              "type": "cloudwatch",
              "uid": "$datasource"
            },
            "dimensions": {
              "DBInstanceIdentifier": "$dbinstanceidentifier"
            },
            "expression": "",
            "functions": [],
            "group": {
              "filter": ""
            },
            "host": {
              "filter": ""
            },
            "id": "",
            "item": {
              "filter": ""
            },
            "label": "",
            "matchExact": true,
            "metricEditorMode": 0,
            "metricName": "CPUUtilization",
            "metricQueryType": 0,
            "mode": 0,
            "namespace": "AWS/RDS",
            "options": {
              "showDisabledItems": false
            },
            "period": "",
            "refId": "A",
            "region": "$region",
            "statistic": "Average"
          },
          {
            "alias": "",
            "application": {
              "filter": ""
            },
            "datasource": {
              "uid": "$datasource"
            },
            "dimensions": {
              "DBInstanceIdentifier": "$dbinstanceidentifier"
            },
            "expression": "",
            "functions": [],
            "group": {
              "filter": ""
            },
            "host": {
              "filter": ""
            },
            "id": "",
            "item": {
              "filter": ""
            },
            "label": "",
            "matchExact": true,
            "metricEditorMode": 0,
            "metricName": "FailedSQLServerAgentJobsCount",
            "metricQueryType": 0,
            "mode": 0,
            "namespace": "AWS/RDS",
            "options": {
              "showDisabledItems": false
            },
            "period": "",
            "refId": "B",
            "region": "$region",
            "statistic": "Average"
          }
        ],
        "title": "CPUUtilization/FailedSQLServerAgentJobsCount",
        "type": "timeseries"
      },
      {
        "datasource": {
          "type": "cloudwatch",
          "uid": "$datasource"
        },
        "fieldConfig": {
          "defaults": {
            "color": {
              "mode": "palette-classic"
            },
            "custom": {
              "axisBorderShow": false,
              "axisCenteredZero": false,
              "axisColorMode": "text",
              "axisLabel": "",
              "axisPlacement": "auto",
              "barAlignment": 0,
              "barWidthFactor": 0.6,
              "drawStyle": "line",
              "fillOpacity": 0,
              "gradientMode": "none",
              "hideFrom": {
                "legend": false,
                "tooltip": false,
                "viz": false
              },
              "insertNulls": false,
              "lineInterpolation": "linear",
              "lineWidth": 1,
              "pointSize": 5,
              "scaleDistribution": {
                "type": "linear"
              },
              "showPoints": "never",
              "spanNulls": false,
              "stacking": {
                "group": "A",
                "mode": "none"
              },
              "thresholdsStyle": {
                "mode": "off"
              }
            },
            "mappings": [],
            "thresholds": {
              "mode": "absolute",
              "steps": [
                {
                  "color": "green",
                  "value": null
                },
                {
                  "color": "red",
                  "value": 80
                }
              ]
            }
          },
          "overrides": [
            {
              "matcher": {
                "id": "byName",
                "options": "DiskQueueDepth"
              },
              "properties": [
                {
                  "id": "color",
                  "value": {
                    "fixedColor": "semi-dark-yellow",
                    "mode": "fixed"
                  }
                },
                {
                  "id": "custom.axisPlacement",
                  "value": "right"
                }
              ]
            }
          ]
        },
        "gridPos": {
          "h": 7,
          "w": 24,
          "x": 0,
          "y": 7
        },
        "id": 18,
        "options": {
          "dataLinks": [],
          "legend": {
            "calcs": [
              "min",
              "max",
              "mean"
            ],
            "displayMode": "table",
            "placement": "bottom",
            "showLegend": true
          },
          "tooltip": {
            "mode": "single",
            "sort": "none"
          }
        },
        "pluginVersion": "11.3.1",
        "targets": [
          {
            "alias": "",
            "application": {
              "filter": ""
            },
            "datasource": {
              "uid": "$datasource"
            },
            "dimensions": {
              "DBInstanceIdentifier": "$dbinstanceidentifier"
            },
            "expression": "",
            "functions": [],
            "group": {
              "filter": ""
            },
            "host": {
              "filter": ""
            },
            "id": "",
            "item": {
              "filter": ""
            },
            "label": "",
            "matchExact": true,
            "metricEditorMode": 0,
            "metricName": "DatabaseConnections",
            "metricQueryType": 0,
            "mode": 0,
            "namespace": "AWS/RDS",
            "options": {
              "showDisabledItems": false
            },
            "period": "",
            "refId": "A",
            "region": "$region",
            "statistic": "Maximum"
          },
          {
            "alias": "",
            "application": {
              "filter": ""
            },
            "datasource": {
              "type": "cloudwatch",
              "uid": "$datasource"
            },
            "dimensions": {
              "DBInstanceIdentifier": "$dbinstanceidentifier"
            },
            "expression": "",
            "functions": [],
            "group": {
              "filter": ""
            },
            "host": {
              "filter": ""
            },
            "id": "",
            "item": {
              "filter": ""
            },
            "label": "",
            "matchExact": true,
            "metricEditorMode": 0,
            "metricName": "DiskQueueDepth",
            "metricQueryType": 0,
            "mode": 0,
            "namespace": "AWS/RDS",
            "options": {
              "showDisabledItems": false
            },
            "period": "",
            "refId": "B",
            "region": "$region",
            "statistic": "Average"
          }
        ],
        "title": "DatabaseConnections/DiskQueueDepth",
        "type": "timeseries"
      },
      {
        "datasource": {
          "type": "cloudwatch",
          "uid": "$datasource"
        },
        "fieldConfig": {
          "defaults": {
            "color": {
              "mode": "palette-classic"
            },
            "custom": {
              "axisBorderShow": false,
              "axisCenteredZero": false,
              "axisColorMode": "text",
              "axisLabel": "",
              "axisPlacement": "auto",
              "barAlignment": 0,
              "barWidthFactor": 0.6,
              "drawStyle": "line",
              "fillOpacity": 0,
              "gradientMode": "none",
              "hideFrom": {
                "legend": false,
                "tooltip": false,
                "viz": false
              },
              "insertNulls": false,
              "lineInterpolation": "linear",
              "lineWidth": 1,
              "pointSize": 5,
              "scaleDistribution": {
                "type": "linear"
              },
              "showPoints": "never",
              "spanNulls": false,
              "stacking": {
                "group": "A",
                "mode": "none"
              },
              "thresholdsStyle": {
                "mode": "off"
              }
            },
            "mappings": [],
            "thresholds": {
              "mode": "absolute",
              "steps": [
                {
                  "color": "green",
                  "value": null
                },
                {
                  "color": "red",
                  "value": 80
                }
              ]
            },
            "unit": "bits"
          },
          "overrides": [
            {
              "matcher": {
                "id": "byName",
                "options": "FreeStorageSpace"
              },
              "properties": [
                {
                  "id": "color",
                  "value": {
                    "fixedColor": "semi-dark-yellow",
                    "mode": "fixed"
                  }
                },
                {
                  "id": "custom.axisPlacement",
                  "value": "right"
                }
              ]
            }
          ]
        },
        "gridPos": {
          "h": 7,
          "w": 24,
          "x": 0,
          "y": 14
        },
        "id": 17,
        "options": {
          "dataLinks": [],
          "legend": {
            "calcs": [
              "min",
              "max",
              "mean"
            ],
            "displayMode": "table",
            "placement": "bottom",
            "showLegend": true
          },
          "tooltip": {
            "mode": "single",
            "sort": "none"
          }
        },
        "pluginVersion": "11.3.1",
        "targets": [
          {
            "alias": "",
            "application": {
              "filter": ""
            },
            "datasource": {
              "type": "cloudwatch",
              "uid": "$datasource"
            },
            "dimensions": {
              "DBInstanceIdentifier": "$dbinstanceidentifier"
            },
            "functions": [],
            "group": {
              "filter": ""
            },
            "host": {
              "filter": ""
            },
            "item": {
              "filter": ""
            },
            "label": "",
            "metricEditorMode": 0,
            "metricName": "FreeableMemory",
            "metricQueryType": 0,
            "mode": 0,
            "namespace": "AWS/RDS",
            "options": {
              "showDisabledItems": false
            },
            "period": "",
            "refId": "A",
            "region": "$region",
            "statistic": "Average"
          },
          {
            "alias": "",
            "application": {
              "filter": ""
            },
            "datasource": {
              "uid": "$datasource"
            },
            "dimensions": {
              "DBInstanceIdentifier": "$dbinstanceidentifier"
            },
            "functions": [],
            "group": {
              "filter": ""
            },
            "host": {
              "filter": ""
            },
            "item": {
              "filter": ""
            },
            "label": "",
            "metricEditorMode": 0,
            "metricName": "FreeStorageSpace",
            "metricQueryType": 0,
            "mode": 0,
            "namespace": "AWS/RDS",
            "options": {
              "showDisabledItems": false
            },
            "period": "",
            "refId": "B",
            "region": "$region",
            "statistic": "Average"
          }
        ],
        "title": "FreeableMemory/FreeStorageSpace",
        "type": "timeseries"
      },
      {
        "datasource": {
          "type": "cloudwatch",
          "uid": "$datasource"
        },
        "fieldConfig": {
          "defaults": {
            "color": {
              "mode": "palette-classic"
            },
            "custom": {
              "axisBorderShow": false,
              "axisCenteredZero": false,
              "axisColorMode": "text",
              "axisLabel": "",
              "axisPlacement": "auto",
              "barAlignment": 0,
              "barWidthFactor": 0.6,
              "drawStyle": "line",
              "fillOpacity": 0,
              "gradientMode": "none",
              "hideFrom": {
                "legend": false,
                "tooltip": false,
                "viz": false
              },
              "insertNulls": false,
              "lineInterpolation": "linear",
              "lineWidth": 1,
              "pointSize": 5,
              "scaleDistribution": {
                "type": "linear"
              },
              "showPoints": "never",
              "spanNulls": false,
              "stacking": {
                "group": "A",
                "mode": "none"
              },
              "thresholdsStyle": {
                "mode": "off"
              }
            },
            "mappings": [],
            "thresholds": {
              "mode": "absolute",
              "steps": [
                {
                  "color": "green",
                  "value": null
                },
                {
                  "color": "red",
                  "value": 80
                }
              ]
            },
            "unit": "iops"
          },
          "overrides": [
            {
              "matcher": {
                "id": "byName",
                "options": "BurstBalance"
              },
              "properties": [
                {
                  "id": "color",
                  "value": {
                    "fixedColor": "blue",
                    "mode": "fixed"
                  }
                },
                {
                  "id": "custom.axisPlacement",
                  "value": "right"
                },
                {
                  "id": "unit",
                  "value": "none"
                }
              ]
            }
          ]
        },
        "gridPos": {
          "h": 8,
          "w": 24,
          "x": 0,
          "y": 21
        },
        "id": 19,
        "options": {
          "dataLinks": [],
          "legend": {
            "calcs": [
              "min",
              "max",
              "mean"
            ],
            "displayMode": "table",
            "placement": "bottom",
            "showLegend": true
          },
          "tooltip": {
            "mode": "single",
            "sort": "none"
          }
        },
        "pluginVersion": "11.3.1",
        "targets": [
          {
            "alias": "",
            "application": {
              "filter": ""
            },
            "datasource": {
              "uid": "$datasource"
            },
            "dimensions": {
              "DBInstanceIdentifier": "$dbinstanceidentifier"
            },
            "expression": "",
            "functions": [],
            "group": {
              "filter": ""
            },
            "host": {
              "filter": ""
            },
            "id": "",
            "item": {
              "filter": ""
            },
            "label": "",
            "matchExact": true,
            "metricEditorMode": 0,
            "metricName": "ReadIOPS",
            "metricQueryType": 0,
            "mode": 0,
            "namespace": "AWS/RDS",
            "options": {
              "showDisabledItems": false
            },
            "period": "",
            "refId": "A",
            "region": "$region",
            "statistic": "Average"
          },
          {
            "alias": "",
            "application": {
              "filter": ""
            },
            "datasource": {
              "type": "cloudwatch",
              "uid": "$datasource"
            },
            "dimensions": {
              "DBInstanceIdentifier": "$dbinstanceidentifier"
            },
            "expression": "",
            "functions": [],
            "group": {
              "filter": ""
            },
            "host": {
              "filter": ""
            },
            "id": "",
            "item": {
              "filter": ""
            },
            "label": "",
            "matchExact": true,
            "metricEditorMode": 0,
            "metricName": "WriteIOPS",
            "metricQueryType": 0,
            "mode": 0,
            "namespace": "AWS/RDS",
            "options": {
              "showDisabledItems": false
            },
            "period": "",
            "refId": "B",
            "region": "$region",
            "statistic": "Average"
          },
          {
            "alias": "",
            "application": {
              "filter": ""
            },
            "datasource": {
              "uid": "$datasource"
            },
            "dimensions": {
              "DBInstanceIdentifier": "$dbinstanceidentifier"
            },
            "expression": "",
            "functions": [],
            "group": {
              "filter": ""
            },
            "host": {
              "filter": ""
            },
            "id": "",
            "item": {
              "filter": ""
            },
            "label": "",
            "matchExact": true,
            "metricEditorMode": 0,
            "metricName": "BurstBalance",
            "metricQueryType": 0,
            "mode": 0,
            "namespace": "AWS/RDS",
            "options": {
              "showDisabledItems": false
            },
            "period": "",
            "refId": "C",
            "region": "$region",
            "statistic": "Average"
          }
        ],
        "title": "ReadIOPS/WriteIOPS/BurstBalance",
        "type": "timeseries"
      },
      {
        "datasource": {
          "type": "cloudwatch",
          "uid": "$datasource"
        },
        "fieldConfig": {
          "defaults": {
            "color": {
              "mode": "palette-classic"
            },
            "custom": {
              "axisBorderShow": false,
              "axisCenteredZero": false,
              "axisColorMode": "text",
              "axisLabel": "",
              "axisPlacement": "auto",
              "barAlignment": 0,
              "barWidthFactor": 0.6,
              "drawStyle": "line",
              "fillOpacity": 0,
              "gradientMode": "none",
              "hideFrom": {
                "legend": false,
                "tooltip": false,
                "viz": false
              },
              "insertNulls": false,
              "lineInterpolation": "linear",
              "lineWidth": 1,
              "pointSize": 5,
              "scaleDistribution": {
                "type": "linear"
              },
              "showPoints": "never",
              "spanNulls": false,
              "stacking": {
                "group": "A",
                "mode": "none"
              },
              "thresholdsStyle": {
                "mode": "off"
              }
            },
            "mappings": [],
            "thresholds": {
              "mode": "absolute",
              "steps": [
                {
                  "color": "green",
                  "value": null
                },
                {
                  "color": "red",
                  "value": 80
                }
              ]
            },
            "unit": "s"
          },
          "overrides": [
            {
              "matcher": {
                "id": "byName",
                "options": "WriteLatency"
              },
              "properties": [
                {
                  "id": "color",
                  "value": {
                    "fixedColor": "semi-dark-yellow",
                    "mode": "fixed"
                  }
                },
                {
                  "id": "custom.axisPlacement",
                  "value": "right"
                }
              ]
            }
          ]
        },
        "gridPos": {
          "h": 7,
          "w": 24,
          "x": 0,
          "y": 29
        },
        "id": 20,
        "options": {
          "dataLinks": [],
          "legend": {
            "calcs": [
              "min",
              "max",
              "mean"
            ],
            "displayMode": "table",
            "placement": "bottom",
            "showLegend": true
          },
          "tooltip": {
            "mode": "single",
            "sort": "none"
          }
        },
        "pluginVersion": "11.3.1",
        "targets": [
          {
            "alias": "",
            "application": {
              "filter": ""
            },
            "datasource": {
              "uid": "$datasource"
            },
            "dimensions": {
              "DBInstanceIdentifier": "$dbinstanceidentifier"
            },
            "functions": [],
            "group": {
              "filter": ""
            },
            "host": {
              "filter": ""
            },
            "item": {
              "filter": ""
            },
            "label": "",
            "metricEditorMode": 0,
            "metricName": "ReadLatency",
            "metricQueryType": 0,
            "mode": 0,
            "namespace": "AWS/RDS",
            "options": {
              "showDisabledItems": false
            },
            "period": "",
            "refId": "A",
            "region": "$region",
            "statistic": "Average"
          },
          {
            "alias": "",
            "application": {
              "filter": ""
            },
            "datasource": {
              "type": "cloudwatch",
              "uid": "$datasource"
            },
            "dimensions": {
              "DBInstanceIdentifier": "$dbinstanceidentifier"
            },
            "functions": [],
            "group": {
              "filter": ""
            },
            "host": {
              "filter": ""
            },
            "item": {
              "filter": ""
            },
            "label": "",
            "metricEditorMode": 0,
            "metricName": "WriteLatency",
            "metricQueryType": 0,
            "mode": 0,
            "namespace": "AWS/RDS",
            "options": {
              "showDisabledItems": false
            },
            "period": "",
            "refId": "B",
            "region": "$region",
            "statistic": "Average"
          }
        ],
        "title": "ReadLatency/WriteLatency",
        "type": "timeseries"
      },
      {
        "datasource": {
          "type": "cloudwatch",
          "uid": "$datasource"
        },
        "fieldConfig": {
          "defaults": {
            "color": {
              "mode": "palette-classic"
            },
            "custom": {
              "axisBorderShow": false,
              "axisCenteredZero": false,
              "axisColorMode": "text",
              "axisLabel": "",
              "axisPlacement": "auto",
              "barAlignment": 0,
              "barWidthFactor": 0.6,
              "drawStyle": "line",
              "fillOpacity": 0,
              "gradientMode": "none",
              "hideFrom": {
                "legend": false,
                "tooltip": false,
                "viz": false
              },
              "insertNulls": false,
              "lineInterpolation": "linear",
              "lineWidth": 1,
              "pointSize": 5,
              "scaleDistribution": {
                "type": "linear"
              },
              "showPoints": "never",
              "spanNulls": false,
              "stacking": {
                "group": "A",
                "mode": "none"
              },
              "thresholdsStyle": {
                "mode": "off"
              }
            },
            "mappings": [],
            "thresholds": {
              "mode": "absolute",
              "steps": [
                {
                  "color": "green",
                  "value": null
                },
                {
                  "color": "red",
                  "value": 80
                }
              ]
            },
            "unit": "binBps"
          },
          "overrides": [
            {
              "matcher": {
                "id": "byName",
                "options": "WriteThroughput"
              },
              "properties": [
                {
                  "id": "color",
                  "value": {
                    "fixedColor": "semi-dark-yellow",
                    "mode": "fixed"
                  }
                },
                {
                  "id": "custom.axisPlacement",
                  "value": "right"
                }
              ]
            }
          ]
        },
        "gridPos": {
          "h": 7,
          "w": 24,
          "x": 0,
          "y": 36
        },
        "id": 21,
        "options": {
          "dataLinks": [],
          "legend": {
            "calcs": [
              "min",
              "max",
              "mean"
            ],
            "displayMode": "table",
            "placement": "bottom",
            "showLegend": true
          },
          "tooltip": {
            "mode": "single",
            "sort": "none"
          }
        },
        "pluginVersion": "11.3.1",
        "targets": [
          {
            "alias": "",
            "application": {
              "filter": ""
            },
            "datasource": {
              "type": "cloudwatch",
              "uid": "$datasource"
            },
            "dimensions": {
              "DBInstanceIdentifier": "$dbinstanceidentifier"
            },
            "functions": [],
            "group": {
              "filter": ""
            },
            "host": {
              "filter": ""
            },
            "item": {
              "filter": ""
            },
            "label": "",
            "metricEditorMode": 0,
            "metricName": "ReadThroughput",
            "metricQueryType": 0,
            "mode": 0,
            "namespace": "AWS/RDS",
            "options": {
              "showDisabledItems": false
            },
            "period": "",
            "refId": "A",
            "region": "$region",
            "statistic": "Average"
          },
          {
            "alias": "",
            "application": {
              "filter": ""
            },
            "datasource": {
              "uid": "$datasource"
            },
            "dimensions": {
              "DBInstanceIdentifier": "$dbinstanceidentifier"
            },
            "functions": [],
            "group": {
              "filter": ""
            },
            "host": {
              "filter": ""
            },
            "item": {
              "filter": ""
            },
            "label": "",
            "metricEditorMode": 0,
            "metricName": "WriteThroughput",
            "metricQueryType": 0,
            "mode": 0,
            "namespace": "AWS/RDS",
            "options": {
              "showDisabledItems": false
            },
            "period": "",
            "refId": "B",
            "region": "$region",
            "statistic": "Average"
          }
        ],
        "title": "ReadThroughput/WriteThroughput",
        "type": "timeseries"
      },
      {
        "datasource": {
          "type": "cloudwatch",
          "uid": "$datasource"
        },
        "fieldConfig": {
          "defaults": {
            "color": {
              "mode": "palette-classic"
            },
            "custom": {
              "axisBorderShow": false,
              "axisCenteredZero": false,
              "axisColorMode": "text",
              "axisLabel": "",
              "axisPlacement": "auto",
              "barAlignment": 0,
              "barWidthFactor": 0.6,
              "drawStyle": "line",
              "fillOpacity": 0,
              "gradientMode": "none",
              "hideFrom": {
                "legend": false,
                "tooltip": false,
                "viz": false
              },
              "insertNulls": false,
              "lineInterpolation": "linear",
              "lineWidth": 1,
              "pointSize": 5,
              "scaleDistribution": {
                "type": "linear"
              },
              "showPoints": "never",
              "spanNulls": false,
              "stacking": {
                "group": "A",
                "mode": "none"
              },
              "thresholdsStyle": {
                "mode": "off"
              }
            },
            "mappings": [],
            "thresholds": {
              "mode": "absolute",
              "steps": [
                {
                  "color": "green",
                  "value": null
                },
                {
                  "color": "red",
                  "value": 80
                }
              ]
            },
            "unit": "binBps"
          },
          "overrides": [
            {
              "matcher": {
                "id": "byName",
                "options": "NetworkTransmitThroughput"
              },
              "properties": [
                {
                  "id": "color",
                  "value": {
                    "fixedColor": "semi-dark-yellow",
                    "mode": "fixed"
                  }
                },
                {
                  "id": "custom.axisPlacement",
                  "value": "right"
                }
              ]
            }
          ]
        },
        "gridPos": {
          "h": 7,
          "w": 24,
          "x": 0,
          "y": 43
        },
        "id": 22,
        "options": {
          "dataLinks": [],
          "legend": {
            "calcs": [
              "min",
              "max",
              "mean"
            ],
            "displayMode": "table",
            "placement": "bottom",
            "showLegend": true
          },
          "tooltip": {
            "mode": "single",
            "sort": "none"
          }
        },
        "pluginVersion": "11.3.1",
        "targets": [
          {
            "alias": "",
            "application": {
              "filter": ""
            },
            "datasource": {
              "uid": "$datasource"
            },
            "dimensions": {
              "DBInstanceIdentifier": "$dbinstanceidentifier"
            },
            "functions": [],
            "group": {
              "filter": ""
            },
            "host": {
              "filter": ""
            },
            "item": {
              "filter": ""
            },
            "label": "",
            "metricEditorMode": 0,
            "metricName": "NetworkReceiveThroughput",
            "metricQueryType": 0,
            "mode": 0,
            "namespace": "AWS/RDS",
            "options": {
              "showDisabledItems": false
            },
            "period": "",
            "refId": "A",
            "region": "$region",
            "statistic": "Average"
          },
          {
            "alias": "",
            "application": {
              "filter": ""
            },
            "datasource": {
              "type": "cloudwatch",
              "uid": "$datasource"
            },
            "dimensions": {
              "DBInstanceIdentifier": "$dbinstanceidentifier"
            },
            "functions": [],
            "group": {
              "filter": ""
            },
            "host": {
              "filter": ""
            },
            "item": {
              "filter": ""
            },
            "label": "",
            "metricEditorMode": 0,
            "metricName": "NetworkTransmitThroughput",
            "metricQueryType": 0,
            "mode": 0,
            "namespace": "AWS/RDS",
            "options": {
              "showDisabledItems": false
            },
            "period": "",
            "refId": "B",
            "region": "$region",
            "statistic": "Average"
          }
        ],
        "title": "NetworkReceiveThroughput/NetworkTransmitThroughput",
        "type": "timeseries"
      },
      {
        "datasource": {
          "type": "cloudwatch",
          "uid": "$datasource"
        },
        "fieldConfig": {
          "defaults": {
            "color": {
              "mode": "palette-classic"
            },
            "custom": {
              "axisBorderShow": false,
              "axisCenteredZero": false,
              "axisColorMode": "text",
              "axisLabel": "",
              "axisPlacement": "auto",
              "barAlignment": 0,
              "barWidthFactor": 0.6,
              "drawStyle": "line",
              "fillOpacity": 0,
              "gradientMode": "none",
              "hideFrom": {
                "legend": false,
                "tooltip": false,
                "viz": false
              },
              "insertNulls": false,
              "lineInterpolation": "linear",
              "lineWidth": 1,
              "pointSize": 5,
              "scaleDistribution": {
                "type": "linear"
              },
              "showPoints": "never",
              "spanNulls": false,
              "stacking": {
                "group": "A",
                "mode": "none"
              },
              "thresholdsStyle": {
                "mode": "off"
              }
            },
            "mappings": [],
            "thresholds": {
              "mode": "absolute",
              "steps": [
                {
                  "color": "green",
                  "value": null
                },
                {
                  "color": "red",
                  "value": 80
                }
              ]
            },
            "unit": "bytes"
          },
          "overrides": [
            {
              "matcher": {
                "id": "byName",
                "options": "BinLogDiskUsage"
              },
              "properties": [
                {
                  "id": "color",
                  "value": {
                    "fixedColor": "semi-dark-yellow",
                    "mode": "fixed"
                  }
                },
                {
                  "id": "custom.axisPlacement",
                  "value": "right"
                }
              ]
            }
          ]
        },
        "gridPos": {
          "h": 7,
          "w": 24,
          "x": 0,
          "y": 50
        },
        "id": 23,
        "options": {
          "dataLinks": [],
          "legend": {
            "calcs": [
              "min",
              "max",
              "mean"
            ],
            "displayMode": "table",
            "placement": "bottom",
            "showLegend": true
          },
          "tooltip": {
            "mode": "single",
            "sort": "none"
          }
        },
        "pluginVersion": "11.3.1",
        "targets": [
          {
            "alias": "",
            "application": {
              "filter": ""
            },
            "datasource": {
              "type": "cloudwatch",
              "uid": "$datasource"
            },
            "dimensions": {
              "DBInstanceIdentifier": "$dbinstanceidentifier"
            },
            "functions": [],
            "group": {
              "filter": ""
            },
            "host": {
              "filter": ""
            },
            "item": {
              "filter": ""
            },
            "label": "",
            "metricEditorMode": 0,
            "metricName": "SwapUsage",
            "metricQueryType": 0,
            "mode": 0,
            "namespace": "AWS/RDS",
            "options": {
              "showDisabledItems": false
            },
            "period": "",
            "refId": "A",
            "region": "$region",
            "statistic": "Average"
          },
          {
            "alias": "",
            "application": {
              "filter": ""
            },
            "datasource": {
              "uid": "$datasource"
            },
            "dimensions": {
              "DBInstanceIdentifier": "$dbinstanceidentifier"
            },
            "functions": [],
            "group": {
              "filter": ""
            },
            "host": {
              "filter": ""
            },
            "item": {
              "filter": ""
            },
            "label": "",
            "metricEditorMode": 0,
            "metricName": "BinLogDiskUsage",
            "metricQueryType": 0,
            "mode": 0,
            "namespace": "AWS/RDS",
            "options": {
              "showDisabledItems": false
            },
            "period": "",
            "refId": "B",
            "region": "$region",
            "statistic": "Average"
          }
        ],
        "title": "SwapUsage/BinLogDiskUsage",
        "type": "timeseries"
      },
      {
        "datasource": {
          "type": "cloudwatch",
          "uid": "$datasource"
        },
        "fieldConfig": {
          "defaults": {
            "color": {
              "mode": "palette-classic"
            },
            "custom": {
              "axisBorderShow": false,
              "axisCenteredZero": false,
              "axisColorMode": "text",
              "axisLabel": "",
              "axisPlacement": "auto",
              "barAlignment": 0,
              "barWidthFactor": 0.6,
              "drawStyle": "line",
              "fillOpacity": 0,
              "gradientMode": "none",
              "hideFrom": {
                "legend": false,
                "tooltip": false,
                "viz": false
              },
              "insertNulls": false,
              "lineInterpolation": "linear",
              "lineWidth": 1,
              "pointSize": 5,
              "scaleDistribution": {
                "type": "linear"
              },
              "showPoints": "never",
              "spanNulls": false,
              "stacking": {
                "group": "A",
                "mode": "none"
              },
              "thresholdsStyle": {
                "mode": "off"
              }
            },
            "mappings": [],
            "thresholds": {
              "mode": "absolute",
              "steps": [
                {
                  "color": "green",
                  "value": null
                },
                {
                  "color": "red",
                  "value": 80
                }
              ]
            },
            "unit": "none"
          },
          "overrides": [
            {
              "matcher": {
                "id": "byName",
                "options": "CPUCreditBalance"
              },
              "properties": [
                {
                  "id": "color",
                  "value": {
                    "fixedColor": "semi-dark-yellow",
                    "mode": "fixed"
                  }
                },
                {
                  "id": "custom.axisPlacement",
                  "value": "right"
                }
              ]
            }
          ]
        },
        "gridPos": {
          "h": 7,
          "w": 24,
          "x": 0,
          "y": 57
        },
        "id": 24,
        "options": {
          "dataLinks": [],
          "legend": {
            "calcs": [
              "min",
              "max",
              "mean"
            ],
            "displayMode": "table",
            "placement": "bottom",
            "showLegend": true
          },
          "tooltip": {
            "mode": "single",
            "sort": "none"
          }
        },
        "pluginVersion": "11.3.1",
        "targets": [
          {
            "alias": "",
            "application": {
              "filter": ""
            },
            "datasource": {
              "uid": "$datasource"
            },
            "dimensions": {
              "DBInstanceIdentifier": "$dbinstanceidentifier"
            },
            "functions": [],
            "group": {
              "filter": ""
            },
            "host": {
              "filter": ""
            },
            "item": {
              "filter": ""
            },
            "label": "",
            "metricEditorMode": 0,
            "metricName": "CPUCreditUsage",
            "metricQueryType": 0,
            "mode": 0,
            "namespace": "AWS/RDS",
            "options": {
              "showDisabledItems": false
            },
            "period": "",
            "refId": "A",
            "region": "$region",
            "statistic": "Average"
          },
          {
            "alias": "",
            "application": {
              "filter": ""
            },
            "datasource": {
              "type": "cloudwatch",
              "uid": "$datasource"
            },
            "dimensions": {
              "DBInstanceIdentifier": "$dbinstanceidentifier"
            },
            "functions": [],
            "group": {
              "filter": ""
            },
            "host": {
              "filter": ""
            },
            "item": {
              "filter": ""
            },
            "label": "",
            "metricEditorMode": 0,
            "metricName": "CPUCreditBalance",
            "metricQueryType": 0,
            "mode": 0,
            "namespace": "AWS/RDS",
            "options": {
              "showDisabledItems": false
            },
            "period": "",
            "refId": "B",
            "region": "$region",
            "statistic": "Average"
          }
        ],
        "title": "CPUCreditUsage/CPUCreditBalance",
        "type": "timeseries"
      },
      {
        "datasource": {
          "type": "cloudwatch",
          "uid": "$datasource"
        },
        "fieldConfig": {
          "defaults": {
            "color": {
              "mode": "palette-classic"
            },
            "custom": {
              "axisBorderShow": false,
              "axisCenteredZero": false,
              "axisColorMode": "text",
              "axisLabel": "",
              "axisPlacement": "auto",
              "barAlignment": 0,
              "barWidthFactor": 0.6,
              "drawStyle": "line",
              "fillOpacity": 0,
              "gradientMode": "none",
              "hideFrom": {
                "legend": false,
                "tooltip": false,
                "viz": false
              },
              "insertNulls": false,
              "lineInterpolation": "linear",
              "lineWidth": 1,
              "pointSize": 5,
              "scaleDistribution": {
                "type": "linear"
              },
              "showPoints": "never",
              "spanNulls": false,
              "stacking": {
                "group": "A",
                "mode": "none"
              },
              "thresholdsStyle": {
                "mode": "off"
              }
            },
            "mappings": [],
            "thresholds": {
              "mode": "absolute",
              "steps": [
                {
                  "color": "green",
                  "value": null
                },
                {
                  "color": "red",
                  "value": 80
                }
              ]
            },
            "unit": "none"
          },
          "overrides": [
            {
              "matcher": {
                "id": "byName",
                "options": "ReplicaLag"
              },
              "properties": [
                {
                  "id": "color",
                  "value": {
                    "fixedColor": "semi-dark-yellow",
                    "mode": "fixed"
                  }
                },
                {
                  "id": "custom.axisPlacement",
                  "value": "right"
                }
              ]
            }
          ]
        },
        "gridPos": {
          "h": 7,
          "w": 24,
          "x": 0,
          "y": 64
        },
        "id": 25,
        "options": {
          "dataLinks": [],
          "legend": {
            "calcs": [
              "min",
              "max",
              "mean"
            ],
            "displayMode": "table",
            "placement": "bottom",
            "showLegend": true
          },
          "tooltip": {
            "mode": "single",
            "sort": "none"
          }
        },
        "pluginVersion": "11.3.1",
        "targets": [
          {
            "alias": "",
            "application": {
              "filter": ""
            },
            "datasource": {
              "type": "cloudwatch",
              "uid": "$datasource"
            },
            "dimensions": {
              "DBInstanceIdentifier": "$dbinstanceidentifier"
            },
            "expression": "",
            "functions": [],
            "group": {
              "filter": ""
            },
            "host": {
              "filter": ""
            },
            "id": "",
            "item": {
              "filter": ""
            },
            "label": "",
            "matchExact": true,
            "metricEditorMode": 0,
            "metricName": "OldestReplicationSlotLag",
            "metricQueryType": 0,
            "mode": 0,
            "namespace": "AWS/RDS",
            "options": {
              "showDisabledItems": false
            },
            "period": "",
            "refId": "A",
            "region": "$region",
            "statistic": "Average"
          },
          {
            "alias": "",
            "application": {
              "filter": ""
            },
            "datasource": {
              "uid": "$datasource"
            },
            "dimensions": {
              "DBInstanceIdentifier": "$dbinstanceidentifier"
            },
            "expression": "",
            "functions": [],
            "group": {
              "filter": ""
            },
            "host": {
              "filter": ""
            },
            "id": "",
            "item": {
              "filter": ""
            },
            "label": "",
            "matchExact": true,
            "metricEditorMode": 0,
            "metricName": "ReplicaLag",
            "metricQueryType": 0,
            "mode": 0,
            "namespace": "AWS/RDS",
            "options": {
              "showDisabledItems": false
            },
            "period": "",
            "refId": "B",
            "region": "$region",
            "statistic": "Average"
          }
        ],
        "title": "OldestReplicationSlotLag/ReplicaLag",
        "type": "timeseries"
      },
      {
        "datasource": {
          "type": "cloudwatch",
          "uid": "$datasource"
        },
        "fieldConfig": {
          "defaults": {
            "color": {
              "mode": "palette-classic"
            },
            "custom": {
              "axisBorderShow": false,
              "axisCenteredZero": false,
              "axisColorMode": "text",
              "axisLabel": "",
              "axisPlacement": "auto",
              "barAlignment": 0,
              "barWidthFactor": 0.6,
              "drawStyle": "line",
              "fillOpacity": 0,
              "gradientMode": "none",
              "hideFrom": {
                "legend": false,
                "tooltip": false,
                "viz": false
              },
              "insertNulls": false,
              "lineInterpolation": "linear",
              "lineWidth": 1,
              "pointSize": 5,
              "scaleDistribution": {
                "type": "linear"
              },
              "showPoints": "never",
              "spanNulls": false,
              "stacking": {
                "group": "A",
                "mode": "none"
              },
              "thresholdsStyle": {
                "mode": "off"
              }
            },
            "mappings": [],
            "thresholds": {
              "mode": "absolute",
              "steps": [
                {
                  "color": "green",
                  "value": null
                },
                {
                  "color": "red",
                  "value": 80
                }
              ]
            },
            "unit": "bytes"
          },
          "overrides": [
            {
              "matcher": {
                "id": "byName",
                "options": "TransactionLogsDiskUsage"
              },
              "properties": [
                {
                  "id": "color",
                  "value": {
                    "fixedColor": "semi-dark-yellow",
                    "mode": "fixed"
                  }
                },
                {
                  "id": "custom.axisPlacement",
                  "value": "right"
                }
              ]
            }
          ]
        },
        "gridPos": {
          "h": 7,
          "w": 24,
          "x": 0,
          "y": 71
        },
        "id": 26,
        "options": {
          "dataLinks": [],
          "legend": {
            "calcs": [
              "min",
              "max",
              "mean"
            ],
            "displayMode": "table",
            "placement": "bottom",
            "showLegend": true
          },
          "tooltip": {
            "mode": "single",
            "sort": "none"
          }
        },
        "pluginVersion": "11.3.1",
        "targets": [
          {
            "alias": "",
            "application": {
              "filter": ""
            },
            "datasource": {
              "uid": "$datasource"
            },
            "dimensions": {
              "DBInstanceIdentifier": "$dbinstanceidentifier"
            },
            "expression": "",
            "functions": [],
            "group": {
              "filter": ""
            },
            "host": {
              "filter": ""
            },
            "id": "",
            "item": {
              "filter": ""
            },
            "label": "",
            "matchExact": true,
            "metricEditorMode": 0,
            "metricName": "ReplicationSlotDiskUsage",
            "metricQueryType": 0,
            "mode": 0,
            "namespace": "AWS/RDS",
            "options": {
              "showDisabledItems": false
            },
            "period": "",
            "refId": "A",
            "region": "$region",
            "statistic": "Average"
          },
          {
            "alias": "",
            "application": {
              "filter": ""
            },
            "datasource": {
              "type": "cloudwatch",
              "uid": "$datasource"
            },
            "dimensions": {
              "DBInstanceIdentifier": "$dbinstanceidentifier"
            },
            "expression": "",
            "functions": [],
            "group": {
              "filter": ""
            },
            "host": {
              "filter": ""
            },
            "id": "",
            "item": {
              "filter": ""
            },
            "label": "",
            "matchExact": true,
            "metricEditorMode": 0,
            "metricName": "TransactionLogsDiskUsage",
            "metricQueryType": 0,
            "mode": 0,
            "namespace": "AWS/RDS",
            "options": {
              "showDisabledItems": false
            },
            "period": "",
            "refId": "B",
            "region": "$region",
            "statistic": "Average"
          }
        ],
        "title": "ReplicationSlotDiskUsage/TransactionLogsDiskUsage",
        "type": "timeseries"
      },
      {
        "datasource": {
          "type": "cloudwatch",
          "uid": "$datasource"
        },
        "fieldConfig": {
          "defaults": {
            "color": {
              "mode": "palette-classic"
            },
            "custom": {
              "axisBorderShow": false,
              "axisCenteredZero": false,
              "axisColorMode": "text",
              "axisLabel": "",
              "axisPlacement": "auto",
              "barAlignment": 0,
              "barWidthFactor": 0.6,
              "drawStyle": "line",
              "fillOpacity": 0,
              "gradientMode": "none",
              "hideFrom": {
                "legend": false,
                "tooltip": false,
                "viz": false
              },
              "insertNulls": false,
              "lineInterpolation": "linear",
              "lineWidth": 1,
              "pointSize": 5,
              "scaleDistribution": {
                "type": "linear"
              },
              "showPoints": "never",
              "spanNulls": false,
              "stacking": {
                "group": "A",
                "mode": "none"
              },
              "thresholdsStyle": {
                "mode": "off"
              }
            },
            "mappings": [],
            "thresholds": {
              "mode": "absolute",
              "steps": [
                {
                  "color": "green",
                  "value": null
                },
                {
                  "color": "red",
                  "value": 80
                }
              ]
            },
            "unit": "none"
          },
          "overrides": [
            {
              "matcher": {
                "id": "byName",
                "options": "TransactionLogsGeneration"
              },
              "properties": [
                {
                  "id": "color",
                  "value": {
                    "fixedColor": "semi-dark-yellow",
                    "mode": "fixed"
                  }
                },
                {
                  "id": "custom.axisPlacement",
                  "value": "right"
                }
              ]
            }
          ]
        },
        "gridPos": {
          "h": 7,
          "w": 24,
          "x": 0,
          "y": 78
        },
        "id": 27,
        "options": {
          "dataLinks": [],
          "legend": {
            "calcs": [
              "min",
              "max",
              "mean"
            ],
            "displayMode": "table",
            "placement": "bottom",
            "showLegend": true
          },
          "tooltip": {
            "mode": "single",
            "sort": "none"
          }
        },
        "pluginVersion": "11.3.1",
        "targets": [
          {
            "alias": "",
            "application": {
              "filter": ""
            },
            "datasource": {
              "type": "cloudwatch",
              "uid": "$datasource"
            },
            "dimensions": {
              "DBInstanceIdentifier": "$dbinstanceidentifier"
            },
            "expression": "",
            "functions": [],
            "group": {
              "filter": ""
            },
            "host": {
              "filter": ""
            },
            "id": "",
            "item": {
              "filter": ""
            },
            "label": "",
            "matchExact": true,
            "metricEditorMode": 0,
            "metricName": "MaximumUsedTransactionIDs",
            "metricQueryType": 0,
            "mode": 0,
            "namespace": "AWS/RDS",
            "options": {
              "showDisabledItems": false
            },
            "period": "",
            "refId": "A",
            "region": "$region",
            "statistic": "Average"
          },
          {
            "alias": "",
            "application": {
              "filter": ""
            },
            "datasource": {
              "uid": "$datasource"
            },
            "dimensions": {
              "DBInstanceIdentifier": "$dbinstanceidentifier"
            },
            "expression": "",
            "functions": [],
            "group": {
              "filter": ""
            },
            "host": {
              "filter": ""
            },
            "id": "",
            "item": {
              "filter": ""
            },
            "label": "",
            "matchExact": true,
            "metricEditorMode": 0,
            "metricName": "TransactionLogsGeneration",
            "metricQueryType": 0,
            "mode": 0,
            "namespace": "AWS/RDS",
            "options": {
              "showDisabledItems": false
            },
            "period": "",
            "refId": "B",
            "region": "$region",
            "statistic": "Average"
          }
        ],
        "title": "MaximumUsedTransactionIDs/TransactionLogsGeneration",
        "type": "timeseries"
      },
      {
        "gridPos": {
          "h": 3,
          "w": 24,
          "x": 0,
          "y": 85
        },
        "id": 2,
        "options": {
          "code": {
            "language": "plaintext",
            "showLineNumbers": false,
            "showMiniMap": false
          },
          "content": "<a target=\"_blank\" href=\"http://www.monitoringartist.com\" title=\"Dashboard maintained by Monitoring Artist - DevOps / Docker / Kubernetes / AWS ECS / Google GCP / Zabbix / Zenoss / Terraform / Monitoring\"><img src=\"https://monitoringartist.github.io/monitoring-artist-logo-grafana.png\" height=\"30px\" /></a> | \n<a target=\"_blank\" href=\"https://docs.aws.amazon.com/AmazonRDS/latest/UserGuide/MonitoringOverview.html#monitoring-cloudwatch\">AWS CloudWatch RDS documentation</a> | \n<a target=\"_blank\" href=\"https://grafana.com/dashboards/707\">Installed from Grafana.com dashboards</a>",
          "mode": "html"
        },
        "pluginVersion": "11.3.1",
        "title": "Documentation",
        "type": "text"
      }
    ],
    "refresh": "",
    "schemaVersion": 40,
    "tags": [
      "monitoringartist",
      "cloudwatch"
    ],
    "templating": {
      "list": [
        {
          "current": {},
          "includeAll": false,
          "label": "Datasource",
          "name": "datasource",
          "options": [],
          "query": "cloudwatch",
          "refresh": 1,
          "regex": "",
          "type": "datasource"
        },
        {
          "current": {},
          "datasource": {
            "type": "cloudwatch",
            "uid": "$datasource"
          },
          "definition": "",
          "includeAll": false,
          "label": "Region",
          "name": "region",
          "options": [],
          "query": "regions()",
          "refresh": 1,
          "regex": "",
          "type": "query"
        },
        {
          "current": {},
          "datasource": {
            "uid": "$datasource"
          },
          "definition": "",
          "includeAll": false,
          "label": "DBInstanceIdentifier",
          "name": "dbinstanceidentifier",
          "options": [],
          "query": "dimension_values($region, AWS/RDS, CPUUtilization, DBInstanceIdentifier)",
          "refresh": 1,
          "regex": "",
          "type": "query"
        }
      ]
    },
    "time": {
      "from": "now-1h",
      "to": "now"
    },
    "timepicker": {},
    "timezone": "browser",
    "title": "AWS RDS",
    "uid": "AWSRDSdbi",
    "version": 3,
    "weekStart": ""
  }