{
  "__inputs": [],
  "__elements": {},
  "__requires": [
    {
      "type": "datasource",
      "id": "cloudwatch",
      "name": "CloudWatch",
      "version": "1.0.0"
    },
    {
      "type": "grafana",
      "id": "grafana",
      "name": "Grafana",
      "version": "11.3.1"
    },
    {
      "type": "panel",
      "id": "text",
      "name": "Text",
      "version": ""
    },
    {
      "type": "panel",
      "id": "timeseries",
      "name": "Time series",
      "version": ""
    }
  ],
  "annotations": {
    "list": [
      {
        "builtIn": 1,
        "datasource": {
          "type": "datasource",
          "uid": "grafana"
        },
        "enable": true,
        "hide": true,
        "iconColor": "rgba(0, 211, 255, 1)",
        "name": "Annotations & Alerts",
        "type": "dashboard"
      }
    ]
  },
  "description": "Visualize AWS SNS metrics",
  "editable": false,
  "fiscalYearStartMonth": 0,
  "graphTooltip": 0,
  "id": null,
  "links": [],
  "panels": [
    {
      "datasource": {
        "uid": "$datasource"
      },
      "fieldConfig": {
        "defaults": {
          "color": {
            "mode": "palette-classic"
          },
          "custom": {
            "axisBorderShow": false,
            "axisCenteredZero": false,
            "axisColorMode": "text",
            "axisLabel": "",
            "axisPlacement": "auto",
            "barAlignment": 0,
            "barWidthFactor": 0.6,
            "drawStyle": "line",
            "fillOpacity": 10,
            "gradientMode": "none",
            "hideFrom": {
              "legend": false,
              "tooltip": false,
              "viz": false
            },
            "insertNulls": false,
            "lineInterpolation": "linear",
            "lineWidth": 1,
            "pointSize": 5,
            "scaleDistribution": {
              "type": "linear"
            },
            "showPoints": "never",
            "spanNulls": true,
            "stacking": {
              "group": "A",
              "mode": "none"
            },
            "thresholdsStyle": {
              "mode": "off"
            }
          },
          "mappings": [],
          "min": 0,
          "thresholds": {
            "mode": "absolute",
            "steps": [
              {
                "color": "green",
                "value": null
              },
              {
                "color": "red",
                "value": 80
              }
            ]
          },
          "unit": "none"
        },
        "overrides": []
      },
      "gridPos": {
        "h": 7,
        "w": 24,
        "x": 0,
        "y": 0
      },
      "id": 1,
      "options": {
        "legend": {
          "calcs": [
            "mean",
            "max",
            "min",
            "sum"
          ],
          "displayMode": "table",
          "placement": "bottom",
          "showLegend": true
        },
        "tooltip": {
          "mode": "multi",
          "sort": "none"
        }
      },
      "pluginVersion": "11.3.1",
      "targets": [
        {
          "alias": "",
          "application": {
            "filter": ""
          },
          "datasource": {
            "type": "cloudwatch",
            "uid": "$datasource"
          },
          "dimensions": {
            "TopicName": "$topic"
          },
          "functions": [],
          "group": {
            "filter": ""
          },
          "highResolution": false,
          "host": {
            "filter": ""
          },
          "item": {
            "filter": ""
          },
          "label": "",
          "metricEditorMode": 0,
          "metricName": "NumberOfMessagesPublished",
          "metricQueryType": 0,
          "mode": 0,
          "namespace": "AWS/SNS",
          "options": {
            "showDisabledItems": false
          },
          "period": "",
          "refId": "A",
          "region": "$region",
          "statistic": "Sum"
        }
      ],
      "title": "NumberOfMessagesPublished",
      "type": "timeseries"
    },
    {
      "datasource": {
        "uid": "$datasource"
      },
      "fieldConfig": {
        "defaults": {
          "color": {
            "mode": "palette-classic"
          },
          "custom": {
            "axisBorderShow": false,
            "axisCenteredZero": false,
            "axisColorMode": "text",
            "axisLabel": "",
            "axisPlacement": "auto",
            "barAlignment": 0,
            "barWidthFactor": 0.6,
            "drawStyle": "line",
            "fillOpacity": 10,
            "gradientMode": "none",
            "hideFrom": {
              "legend": false,
              "tooltip": false,
              "viz": false
            },
            "insertNulls": false,
            "lineInterpolation": "linear",
            "lineWidth": 1,
            "pointSize": 5,
            "scaleDistribution": {
              "type": "linear"
            },
            "showPoints": "never",
            "spanNulls": true,
            "stacking": {
              "group": "A",
              "mode": "none"
            },
            "thresholdsStyle": {
              "mode": "off"
            }
          },
          "mappings": [],
          "min": 0,
          "thresholds": {
            "mode": "absolute",
            "steps": [
              {
                "color": "green",
                "value": null
              },
              {
                "color": "red",
                "value": 80
              }
            ]
          },
          "unit": "none"
        },
        "overrides": [
          {
            "matcher": {
              "id": "byName",
              "options": "NumberOfNotificationsFailed"
            },
            "properties": [
              {
                "id": "custom.axisPlacement",
                "value": "right"
              }
            ]
          }
        ]
      },
      "gridPos": {
        "h": 7,
        "w": 24,
        "x": 0,
        "y": 7
      },
      "id": 4,
      "options": {
        "legend": {
          "calcs": [
            "mean",
            "max",
            "min",
            "sum"
          ],
          "displayMode": "table",
          "placement": "bottom",
          "showLegend": true
        },
        "tooltip": {
          "mode": "multi",
          "sort": "none"
        }
      },
      "pluginVersion": "11.3.1",
      "targets": [
        {
          "alias": "",
          "application": {
            "filter": ""
          },
          "datasource": {
            "type": "cloudwatch",
            "uid": "$datasource"
          },
          "dimensions": {
            "TopicName": "$topic"
          },
          "functions": [],
          "group": {
            "filter": ""
          },
          "highResolution": false,
          "host": {
            "filter": ""
          },
          "item": {
            "filter": ""
          },
          "label": "",
          "matchExact": true,
          "metricEditorMode": 0,
          "metricName": "NumberOfNotificationsDelivered",
          "metricQueryType": 0,
          "mode": 0,
          "namespace": "AWS/SNS",
          "options": {
            "showDisabledItems": false
          },
          "period": "",
          "refId": "A",
          "region": "$region",
          "statistic": "Sum"
        },
        {
          "alias": "",
          "application": {
            "filter": ""
          },
          "datasource": {
            "uid": "$datasource"
          },
          "dimensions": {
            "TopicName": "$topic"
          },
          "functions": [],
          "group": {
            "filter": ""
          },
          "highResolution": false,
          "host": {
            "filter": ""
          },
          "item": {
            "filter": ""
          },
          "label": "",
          "matchExact": true,
          "metricEditorMode": 0,
          "metricName": "NumberOfNotificationsFailed",
          "metricQueryType": 0,
          "mode": 0,
          "namespace": "AWS/SNS",
          "options": {
            "showDisabledItems": false
          },
          "period": "",
          "refId": "B",
          "region": "$region",
          "statistic": "Sum"
        }
      ],
      "title": "Notifications",
      "type": "timeseries"
    },
    {
      "datasource": {
        "type": "cloudwatch",
        "uid": "$datasource"
      },
      "fieldConfig": {
        "defaults": {
          "color": {
            "mode": "palette-classic"
          },
          "custom": {
            "axisBorderShow": false,
            "axisCenteredZero": false,
            "axisColorMode": "text",
            "axisLabel": "",
            "axisPlacement": "auto",
            "barAlignment": 0,
            "barWidthFactor": 0.6,
            "drawStyle": "line",
            "fillOpacity": 10,
            "gradientMode": "none",
            "hideFrom": {
              "legend": false,
              "tooltip": false,
              "viz": false
            },
            "insertNulls": false,
            "lineInterpolation": "linear",
            "lineWidth": 1,
            "pointSize": 5,
            "scaleDistribution": {
              "type": "linear"
            },
            "showPoints": "never",
            "spanNulls": true,
            "stacking": {
              "group": "A",
              "mode": "none"
            },
            "thresholdsStyle": {
              "mode": "off"
            }
          },
          "mappings": [],
          "min": 0,
          "thresholds": {
            "mode": "absolute",
            "steps": [
              {
                "color": "green",
                "value": null
              },
              {
                "color": "red",
                "value": 80
              }
            ]
          },
          "unit": "bytes"
        },
        "overrides": []
      },
      "gridPos": {
        "h": 7,
        "w": 24,
        "x": 0,
        "y": 14
      },
      "id": 3,
      "options": {
        "legend": {
          "calcs": [
            "mean",
            "max",
            "min"
          ],
          "displayMode": "table",
          "placement": "bottom",
          "showLegend": true
        },
        "tooltip": {
          "mode": "multi",
          "sort": "none"
        }
      },
      "pluginVersion": "11.3.1",
      "targets": [
        {
          "alias": "",
          "application": {
            "filter": ""
          },
          "datasource": {
            "uid": "$datasource"
          },
          "dimensions": {
            "TopicName": "$topic"
          },
          "functions": [],
          "group": {
            "filter": ""
          },
          "highResolution": false,
          "host": {
            "filter": ""
          },
          "item": {
            "filter": ""
          },
          "label": "",
          "matchExact": true,
          "metricEditorMode": 0,
          "metricName": "PublishSize",
          "metricQueryType": 0,
          "mode": 0,
          "namespace": "AWS/SNS",
          "options": {
            "showDisabledItems": false
          },
          "period": "",
          "refId": "A",
          "region": "$region",
          "statistic": "Sum"
        }
      ],
      "title": "PublishSize",
      "type": "timeseries"
    },
    {
      "datasource": {
        "type": "cloudwatch",
        "uid": "$datasource"
      },
      "fieldConfig": {
        "defaults": {
          "color": {
            "mode": "palette-classic"
          },
          "custom": {
            "axisBorderShow": false,
            "axisCenteredZero": false,
            "axisColorMode": "text",
            "axisLabel": "",
            "axisPlacement": "auto",
            "barAlignment": 0,
            "barWidthFactor": 0.6,
            "drawStyle": "line",
            "fillOpacity": 10,
            "gradientMode": "none",
            "hideFrom": {
              "legend": false,
              "tooltip": false,
              "viz": false
            },
            "insertNulls": false,
            "lineInterpolation": "linear",
            "lineWidth": 1,
            "pointSize": 5,
            "scaleDistribution": {
              "type": "linear"
            },
            "showPoints": "never",
            "spanNulls": true,
            "stacking": {
              "group": "A",
              "mode": "none"
            },
            "thresholdsStyle": {
              "mode": "off"
            }
          },
          "mappings": [],
          "min": 0,
          "thresholds": {
            "mode": "absolute",
            "steps": [
              {
                "color": "green",
                "value": null
              },
              {
                "color": "red",
                "value": 80
              }
            ]
          },
          "unit": "none"
        },
        "overrides": []
      },
      "gridPos": {
        "h": 7,
        "w": 24,
        "x": 0,
        "y": 21
      },
      "id": 6,
      "options": {
        "legend": {
          "calcs": [
            "mean",
            "max",
            "min"
          ],
          "displayMode": "table",
          "placement": "bottom",
          "showLegend": true
        },
        "tooltip": {
          "mode": "multi",
          "sort": "none"
        }
      },
      "pluginVersion": "11.3.1",
      "targets": [
        {
          "alias": "",
          "application": {
            "filter": ""
          },
          "datasource": {
            "uid": "$datasource"
          },
          "dimensions": {
            "TopicName": "$topic"
          },
          "functions": [],
          "group": {
            "filter": ""
          },
          "host": {
            "filter": ""
          },
          "item": {
            "filter": ""
          },
          "label": "",
          "metricEditorMode": 0,
          "metricName": "SMSSuccessRate",
          "metricQueryType": 0,
          "mode": 0,
          "namespace": "AWS/SNS",
          "options": {
            "showDisabledItems": false
          },
          "period": "",
          "refId": "A",
          "region": "$region",
          "statistic": "Average"
        }
      ],
      "title": "SMSSuccessRate",
      "type": "timeseries"
    },
    {
      "gridPos": {
        "h": 3,
        "w": 24,
        "x": 0,
        "y": 28
      },
      "id": 2,
      "options": {
        "code": {
          "language": "plaintext",
          "showLineNumbers": false,
          "showMiniMap": false
        },
        "content": "<a target=\"_blank\" href=\"http://www.monitoringartist.com\" title=\"Dashboard maintained by Monitoring Artist - DevOps / Docker / Kubernetes / AWS ECS / Google GCP / Zabbix / Zenoss / Terraform / Monitoring\"><img src=\"https://monitoringartist.github.io/monitoring-artist-logo-grafana.png\" height=\"30px\" /></a> | \n<a target=\"_blank\" href=\"https://docs.aws.amazon.com/sns/latest/dg/sns-monitoring-using-cloudwatch.html\">AWS CloudWatch SNS documentation</a> | \n<a target=\"_blank\" href=\"https://grafana.com/dashboards/581\">Installed from Grafana.com dashboards</a>",
        "mode": "html"
      },
      "pluginVersion": "11.3.1",
      "title": "Documentation",
      "type": "text"
    }
  ],
  "refresh": "",
  "schemaVersion": 40,
  "tags": [
    "monitoringartist",
    "cloudwatch"
  ],
  "templating": {
    "list": [
      {
        "current": {},
        "includeAll": false,
        "label": "Datasource",
        "name": "datasource",
        "options": [],
        "query": "cloudwatch",
        "refresh": 1,
        "regex": "",
        "type": "datasource"
      },
      {
        "current": {},
        "datasource": {
          "type": "cloudwatch",
          "uid": "$datasource"
        },
        "includeAll": false,
        "label": "Region",
        "name": "region",
        "options": [],
        "query": "regions()",
        "refresh": 1,
        "regex": "",
        "type": "query"
      },
      {
        "current": {},
        "datasource": {
          "type": "cloudwatch",
          "uid": "$datasource"
        },
        "includeAll": false,
        "label": "TopicName",
        "name": "topic",
        "options": [],
        "query": "dimension_values($region,AWS/SNS,PublishSize,TopicName)",
        "refresh": 1,
        "regex": "",
        "type": "query"
      }
    ]
  },
  "time": {
    "from": "now-24h",
    "to": "now"
  },
  "timepicker": {},
  "timezone": "browser",
  "title": "AWS SNS",
  "uid": "AWSSNS000",
  "version": 2,
  "weekStart": ""
}